adjektiiva	adjektijvâ
adveanta	advent
advokáhta	äššivyei'jee
advokáhta	äššivyeijee
ahki	ahe
ahkitvuohta	ahheevvuotâ
aiddo	eidu
akustihkka	akustiik
albbas	iilvâs
albmeassi	ase
albmi	alme
albmáimannan	aalmanlavkkim
aldna	olnâ
alfabehta	puustaveh
alitrássi	puá'riskállárääSi~-rääsi
alkohola	alkohol
juhkki	juhhee
alkoholista	alkoholist
allaskuvla	ollâškovlâ
allergiija	allergia
allodat	aLodâh~aLodoh~aLoduh
allodatnjuiken	aLodâhnjuškim
allodatnjuiken	alodâhnjuškim
almmenáhkki	a'lmenäkki
almmenáhkki	almenäkki
almmolašvuohta	a'lmolašvuotâ
almmuhus	a'lmottâs
alumiidna	alumin
aládas	aLadâs
aládas	aladâs
aláš	ase
ambulánsa	pyec'ceiauto
ambulánsa	pyecceiauto
analysa	analyys
anteanna	anten
antihkka	antiik
anáraš	anarâš
apostal	apostol
appelsiidna	appelsin
argumeanta	aggâ
arkiiva	arkkâdâh
arkiteakta	arkkiteht
arnihkka	aarnik~arnik
artihkal	artikkâl
arvedávgi	arvetävgi
arveoakti	arveuáh'ti
arvevuovdi	arvemecci
asfálta	asfaalt
assisteanta	assistent
atnubiktasat	aNopihtâseh
atnubiktasat	anopihtâseh
atoma	aatoom
attus	adaldâh
automáhtta	automaat
aviisa	aavis
avádat	stielâs
badjebáza	paijeelpáácu
badjeolmmoš	puá'suiolmooš
badjosat	paJos
badjosat	pajos
badni	pannee
bagadallan	stivrim
bagadalli	stivrejeijee
bagadeapmi	ravvim
bagadus	raavâ
bahodat	paavuotâ
bahta	pottâ
bahta	čurtte
bahágas	pahakkâs
bahálaš	cirgálâh
bahčči	paččee
baika	poškâ
baikabava	činehumtavdâ
baikačivga	nuárvuinjuNe
bajildus	olgooš
bajildus	ulguš
bajilčála	paJečaalâ
bajilčála	paječaalâ
bajálaš	purrâmušlasâttâh
baján	äijih
bajásdoalahus	ciäv'zámâš
bajásdoalahus	ciävzámâš
bajásčuožžileapmi	pajaspajanem
bakku	pagoi
bakteara	bakteer
balddonas	kuMâttâs
baldu	jie'Ŋâpäldee
ballu	paLo
ballu	palo
balva	polvâ
balánsa	täSitiäd'du
balánsa	täsitiäddu
banána	baanaan
barganáigi	pargoäigi
barggolašvuohta	pa'rgolâšvuotâ
barggolašvuohta	pargolâšvuotâ
bargguhisvuohta	pa'rgottesvuotâ
bargguhisvuohta	pargottesvuotâ
bargi	pargee
bargoaddi	pargoadeleijee
bargobihttá	hárjuttâs
bargobiras	pargopiirâs
bargobivttas	tye'Jipihtâseh
bargobivttas	tyejipihtâseh
bargodilli	pargotiLe
bargodilli	pargotile
bargoheaitta	jasko
bargojoavku	pargojuáv'kku
bargojoavku	pargojuávkku
bargosadji	pargosaJe
bargosadji	pargosaje
bargoveahka	pargoviehâ
bargovuohki	pargovyehi
bargu	pargo
barohkka	baarook
barta	tuuvááš
bassaladdanmášiidna	posâlâddâmmaašin
bassenmuorra	hältti
bassivuohta	paSevuotâ
bassivuohta	pasevuotâ
baste	pastem
bavssa	poovsâ
beaggin	peggim
beahci	peeci
beahttašupmi	pettâšume
beahtus	piätus
beaika	pyekki
beaivegirji	peivikirje
beaiveloddi	piäi'vááloddááš
beaiveloddi	piäivááloddááš
beaiveruoktu	peivikiäč'ču
beaivi	peivi
beaivi	piäiváš~piäivâš
beaivvádat	piä'ivádâh
beakkohus	markkânsaahâ
bealbi	čäcinjuolâs
bealdu	piäl'du
bealdu	piäldu
bealgi	jyel'gipelgi
bealgi	jyelgipelgi
bealgi	pelgi
beallemas	piel'livâs
bealli	peeLi
beallji	pelji
bealátkeahtesvuohta	pelettemesvuotâ
beana	peenuv
beanaráidu	pe'nuvkuáLus
beara	perrâdâh
bearal	kässeekeđgi
bearaš	peerâ
beargalat	pergâlâh
bearjadat	vá'stuppeivi
bearjadat	vástuppeivi
beaska	peskâ
beaska	turkkâ
beassi	pessi
beassážat	pessijááh
beatnatdaŋas	pennuujuŋŋâ
beatnatgieldá	kaasirääSi~-rääsi
beatnatgieldá	kaasirääsi
beatnatgullan	penâkkullâm
beatnatrávra	jävriruáhu
beavdegirji	pevdikirje
beavdeliidni	pevdilijne
beavdi	pevdi
beađbi	čuá'máttâslyepi
beaŋka	peŋkkâ
bellodat	piä'Ládâh
bellodat	piäládâh
beloštus	piä'luštâs
beloštus	piäluštâs
benne	penni
bensiidna	bensin
beroštus	huoLâ
beroštus	huolâ
bessodat	saaveehvárvu
bessodat	čonâstoh~čonâstuh~čonâstâh
betoŋga	beetoon
beštor	pe'šnirihhááš
beštor	pešnirihhááš
bidjet	čuorvâkävppi
biebmoealli	jiellâh
biebmu	purrâmâš~purrâmuš
biellorássi	čuo'vjiskiäl'lurääSi~-rääsi
bierdni	pier'ni
bierdni	pierni
biergu	uáž'ži
bievla	piev'lâ
bievla	pievlâ
biggoheapmi	ááimumolsom
bihkaš	piihâš
bihkka	pikkâ
bihppor	pippâr
bihpporgáhkku	pippârkákku
bihttá	pittá
bihtánsámegiella	pittáámsämikieLâ
biibbal	ráámmát
biibbal	ráámmát~ráámmât
biigá	pijgá
biika	soođâ
biika	säggi
biila	avdo
biire	pirrâdâh
bilkideaddji	pilkkár
bilku	verâstâh
billár	stäjideijee
bindda	e'imâskâs
bindda	pačarâs
biografiija	eellimkerdi
biras	piirâs
biras	pirâstittee
birasoahppu	pirâsoppâ
bircu	kuđâhâš
birgenláhki	áigápuátu
biro	piiru
birračuohpahus	pirrâčuop'pâmvuotâ
bisma	pispe
bismagoddi	pispekodde
bismárra	pismár
bissu	pisso
bistu	pištem
bivastat	pivâstâh
bivdda	táttum
bivddus	piivdus
bivdi	kye'Lipivdee
bivdi	miä'cásteijee
bivdi	miäcásteijee
bivdi	pivdee
bivdu	miäcástem
bivdu	pivdo
bivgi	ohra
bivttas	piivtâs
bižus	piiččus
biđus	piär'gumäälis
bleahkka	lekkâ
bleahkka	peldi
bliánta	laJopennâ
bliánta	lajopennâ
bláđđi	okkolostâ
boagán	pooVij
boagán	poovij
boahtimuš	puáttim
boahtteáigi	puát'teevuotâ
boaimmáš	piehâin~piehânj
boaldenmuorra	puál'dimmuoRâ
boaldámuš	puál'dámuš~puál'dámâš
boaldámuš	puáldámuš
boallorássi	pállurääSi~-rääsi
boallu	puál'lu
boanda	eennâmviljâleijee
boaran	vuorâs
boardda	porthááh
boaresnieida	puá'risniei'dâ
boaresnieida	puárisnieidâ
boarisvuohta	puá'risvuotâ
boarisvuohta	puárisvuotâ
boarka	pikkánj~pikkáin
boaru	puá'roi~puá'rui
boasttuvuohta	puá'stuvuotâ
boazoalmmái	puá'suia'lmai
boazodoallu	puá'suituáLu
boazodoallu	puásuituálu
boazoeaiggát	puá'suiomâsteijee
boazoeaiggát	puásuiomâsteijee
boazolohku	puá'suiloho
boazolohku	puásuiloho
boazorikkis	puá'suiriges
boazorikkis	puásuiriges
boazu	puásui
boađus	puáđus
boađđu	kárgu
boaššu	puáššu
boddu	kiev'đâ
bodni	vye'Likerdi
bodni	vyelikerdi
bohccosuoidni	jävrihuáš'ši
bohccosuoidni	jävrihuášši
bohccádat	poccee
bohkká	pokkâ
bohtal	puttâl
boija	kiäi'kkoo
boimmon	tuá'pánjâš~tuá'pánjâs
boksen	ču'rmâdâttâm
boksen	čurmâdâttâm
bolot	naappâl
bomba	pommi
bonjahat	toppiittâh
bonus	ponos
borasdávda	puurâs
boraspire	piä'tuellee
boraspire	piätu
borga	purgâ
borgemánnu	porgemááNu
borgár	aalmugjeessân
borgár	puár'vár
borgár	puárvár
borgárvuohta	aalmugjeessânvuotâ
borjadat	purjâd
borjjas	puurjâs
borramušgávpi	pi'vtâskävppi
borramušgávpi	pivtâskävppi
borran	purâdem
borranmiella	puurrâmlusto
borus	poros
bosan	pieg'guutteijee
bosan	piegguutteijee
boska	puurrâmrääSi~-rääsi
boska	puurrâmrääsi
bossu	possooväälis
botkkon	puáđhun
botkkus	mie'skâttâsah
botkkus	mieskâttâsah
bovttáš	poovtâš
boŋkor	pövkkyr
bronsa	pronssi
buddu	puddo
buhkka	poškâ
buhtadus	lones
buhtisteapmi	putástâs
buidodat	puái'dáhvuotâ
buidodat	puáidáhvuotâ
buktu	pyeh'tim
buktu	pyehtim
bulet	puolik
bulljaras	ku'blâkkâs
bumma	puomâ
bumpaloddi	jeggiluát'ku
buohccedivššár	pyec'ceitipšoo
buohccedivššár	pyecceitipšoo
buohcceviessu	pyec'ceiviäSu
buohcceviessu	pyecceiviäsu
buohcci	pyec'cee
buohcu	puá'cuvuotâ
buoidda	puoidâ
buoiddat	pagge
buolaš	ko'lmâsvuotâ
buolaš	puolâš
buollahat	puál'lááttâs
buollin	puáLu
buollin	puálu
buolva	puol'vâ
buonjus	puá'njumâš
buorrevuohta	pye'Rivuotâ
buorrevuohta	pyerivuotâ
buorri	pye'Rivuotâ
buorádus	puá'rádâs
buorádus	puárádâs
buoska	juŋkká
buoska	puos'kâ
buoska	puoskâ
buovnnjat	muldesäplig
burru	ergi
busir	pusseer
busse	lin'jâšavdo
busse	sekkâ
bussá	kissá
bustávva	puustav
butká	putká
buvri	luggo
buvssat	puuvsah
buvtta	puovtâ
buvttadeapmi	puo'vtâdâs
buvttadeapmi	puovtâdâs
buvvedat	puVáduvvâš
buvvedat	puváduvvâš
bušeahtta	budjet
buđet	potás
buđis	poovces
buđđá	kuo'Lâpursâ
buđđá	kuolâpursâ
bábir	pááppár~pááppâr~páppár~páppâr
báddi	orrâ
báddi	päddi
bádji	pááJá
bádji	páájá
bággu	pággu
báhkin	pääHin
báhkin	päähin
báhkka	pakkeet
báhkki	päkki
báhpagárdin	pappâl
báhppa	pappâ
báhppagoddi	pappâkodde
báhtareaddji	patâreijee
báhtareapmi	patârem
báhti	pääti
báidi	päiđi
báikegoddi	päikkikodde
báiste	paistpánnu
bákti	pähti
bálda	kuoRâ
bálddis	pääldis
bálkkašupmi	pálhášume
bálká	pälkki
bállahastin	leggistem
bálstá	pálstá
bálvaleaddji	palvâleijee
bálvalus	palvâlus~palvâlâs
bánno	pánnu
bára	baari
bárbmoloddi	keSilodde
bárbmoloddi	kesilodde
bárbmu	lu'ptâstâh
bárdebeaivi	pärdipeivi
bárdni	alge
bárel	paarrâl
bárra	paRâkodde
bárra	paaRâ
bárra	parâkodde
bárroguhkkodat	párukukkodâh
bárru	pááRu
bárru	pááru
bártnáš	algaaš
básmá	pálkku
bátni	pääNi
bátni	pääni
bávkkas	peeškâs
bávččas	poovčâs
bázzi	pääcis
bážan	pääččimviärju
báŋka	vie'mârdâs
báŋku	paŋkki
cagan	meRâkuáv'ská
cagan	merâkuávská
caggaseapmi	iäs'tu
caggaseapmi	iästu
cahkkehus	cokkiittem
ceahkkálas	ciäk'kádâh
ceahkkálas	ciäkkádâh
cealkka	ceelhâ
cealkámuš	ciäl'kkámuš
cealkámuš	ciälkkámuš
ciebat	velmâsâš
cihca	njävli
ciiku	cijkko
cizopaš	čabivuávláš
cizáš	uccâloddááš
cohkolat	ko'škes
cubborássi	huáš'ši
cubborássi	huášši
cuohppa	cuop'pâ
cuoppu	cuá'bui
cuovka	cuovkkâloho
cuoŋománnu	cuá'ŋuimááNu
cuoŋu	cuá'ŋoi~cuáŋui
dahkki	tahhee
dahku	taho
dajahus	o'lgospyeh'tim
dajaldat	eđâldâh
dajus	iäđus
darjjesámegiella	tarjesämikieLâ
datni	taNe
datni	tane
davvi	fiestâr
davvi	tave
davviriika	tave-eennâm
davvisámegiella	orjâlâškieLâ
davvisápmi	orjâlâš
daŋas	tooŋâs
deaddu	teedâ
deahkki	tekki
deaivvadansadji	littosaje
deappu	tiäb'bu
deappu	tiäbbu
dearbastihkka	heeilâr
dearbmi	termi
dearga	ruzze
dearvvašvuohta	tie'rvâsvuotâ
dearvvašvuohta	tiervâsvuotâ
dearvvašvuođaguovddáš	tie'rvâsvuođâkuávdáš
dearvvašvuođaguovddáš	tiervâsvuođâkuávdáš
deattáldat	paJalâs~pajalâs
deattán	peinijâš
deavdda	tie'Vâdâs
delegašuvdna	airâskodde
delegašuvdna	väldikodde
demokratiija	demokratia
derpmoš	termispáálváš
detálja	ovtâskâsčyegis
diamehtar	čođâmitto
didnu	tinno
diehppi	tiep'pi
diehppi	tieppi
diehtojuohkin	tiä'đáttâs
diehtojuohkin	tiäđáttâs
diehtovuođđu	tiä'tuvuáĐu
diehtti	tiet'tee
diehtti	tiettee
diehtu	tiätu
dieigu	snäldeetähti
dienas	ánssu~ánsu
dievasčoahkkin	tie'vâslâščuák'kim
dievasčoahkkin	tievâslâščuákkim
dieđa	tieđâ
dieđáhus	tiä'đáttâs
diftoŋga	diftoŋ
digaštallan	nággu
diggegoddi	keerrivrieh'ti
diggi	tigge
diggi	äšši
dihkki	tikke
dihtor	tiättur
diibmoplána	luuhâmoornig
diibmoplána	äigitavlu
diibmu	tijme
dikta	ronno
diktáhtor	diktaattor
diktár	t'ivtâsteijee
dikšu	hoidájeijee
dikšu	tipšo
dikšun	huo'lâttâs
dildu	liivzâs
dilla	tillâ
dimádas	tuáv'ŋi
dines	tienâs
diret	tirkká
diva	loppiittâs
divat	máksu
divohat	tivottâh
divri	tivre
divrrasvuohta	ti'vrâsvuotâ
divrrasvuohta	tivrâsvuotâ
doaba	tuá'vádâh
doaba	tuávádâh
doahttu	tuát'tu
doahttu	tuáttu
doaibma	toimâ
doaibmabidju	toimâ
doaibmadoarjja	áigápuá'tutoorjâ
doaibmadoarjja	áigápuátutoorjâ
doaibmaplána	toimâvuávám
doaimmahus	toimâttâs
doaivva	tuái'vu
doaivva	tuáivu
doalli	cuápcil
doallu	toimâohtâdâh
doalut	piđoh
doarggástus	spoorrân
doarggástus	sporijdem
doarggástus	tuá'rgástâs
doarggástus	tuárgástâs
doaris	tuáris
doarjja	toorjâ
doarrádallan	váinu
doavhli	čäcikupâlâs
doavhli	čäcivätti
doavttir	tuáh'tár
doavttir	tuáhtár
doggi	togge
dohppa	tuppâ
dokumeanta	dokument
dokumeanta	äššikirje
doleš	tääsniluččim
dolgevuogga	puzzâvuog'gâ
dolgi	tolge
dolla	tullâ
dorski	torske
dorte	tortti
dorve	torvi
dorvu	torvo
dovddaldat	tubdâldâh
dovddastus	tubdâstâs
dovdomearka	tobdomerkkâ
dovdu	tobdo
dovkodat	tuáv'kkivuotâ
dovkodat	tuávkkivuotâ
dovtta	tuhtuu
doŋgeribuvssat	faarkuh
dronnet	kunâgâtâr
dubmehus	kaRodâs
duggu	tuggo
duhkoras	sieRâ
duhkoras	sierâ
duhpát	tubbáák
duiska	saksalâš
dukta	suvle
dulbodat	täässivvuotâ
dulka	tulkkâ
dulkon	tulkkum
dullejaš	tullijâš
dulvi	čäciollee
duodji	tyeJi
duoggi	tyeg'gi
duoggi	tyeggi
duogáš	tuávváš
duohtavuohta	tuo'tâvuotâ
duohtavuohta	tuotâvuotâ
duohčču	šiäš'tu
duohčču	šiäštu
duojár	tuáijár
duollji	tyel'ji
duollu	tulli
duolvvár	repči
duopma	tavetuoMâ
duopma	tavetuomâ
duopmostuollu	tuá'Mustovli
duopmostuollu	tuámustovli
duopmu	tuáMu
duopmu	tuámu
duopmár	tuámmár~tuámmâr
duorastat	tuo'râstâh
duorgu	sijmá
duotka	kuá'mui
duotka	kuámui
duottar	tuodâr
duođaštus	tuo'đâštâs~tuo'đâštus
durbbon	tuárbum
dutkan	tođhos
dutkan	tu'đhos
dutkan	tutkâm
dutkan	tutkâmuš
dutkan	tuđhos
dutki	totkee
duvdda	räijejeijee
duvhllár	tuhlár
duđan	puse
duŋgá	tuvne
dušši	tušše
dábálaš_hilsku	šiljoiilâsk
dáhkki	káttu
dáhkki	täkki
dáhkádus	táhádâs
dáhpáhus	tábáhtus
dáhttut	táttuđ
dáidda	taaiđâ
dáigi	täigi
dákti	tähti
dálki	áimu
dálki	šoŋŋâ
dálkkas	taalhâs
dálkkasdieđa	talhâstieđâ
dálkkádat	šoŋŋâdâh
dálon	tálulâš
dálveguohtun	tälvikuáttum
dálvi	tälvi
dámmá	tamma
dámpa	liev'lâtamppâ
dámpa	lievlâtamppâ
dánsa	tanssâ
dánsu	tánssájeijee
dápmot	veejeeh
dápmot	vejehâš
dárbu	tárbu
dárkilvuohta	tärkkivuotâ
dásseárvu	täsiárvu
dássi	tääSi
dássi	tääsi
dávda	tavdâ
dávdamearka	tavdâmerkkâ
dávdi	täbđi
dávvir	aarni
dávvir	tiŋgâ
dávástus	távástâh
e-poasta	šleđgâpostâ
eadnebealle	ennipeeLi
eadnebealle	ennipeeli
eadni	enni
eadnivuohta	ennivuotâ
eahket	eeHid
eahket	eehid
eahpeluohttámuš	epiluát'támuš
eahpeluohttámuš	epiluáttámuš
eaiggát	iäigád
eaktu	iäh'tu
eaktu	iähtu
eaktu	várádâs
ealageardi	kevâttâs
ealga	sorvâ
ealli	ellee
eallinahki	eellimäigi
eallinoaidnu	eellimuái'nu
eallinvuohki	eellimutke
eallisilba	elleesilbâ
eallu	iäLu
eallu	iälu
ealáhat	iä'láttâh
ealáhus	iä'láttâs
ealáhus	áigápuátu
eamit	eemeed
eana	eennâm
eanadat	mecci
eanadoallu	eennâmtuáLu
eanandoallu	eennâmtuáLu
eanandoallu	eennâmtuálu
eananoassi	eennâmuáSi
eananoassi	eennâmuási
eananspábba	eennâmpállu
eanetlohku	iä'nádâh
eanu	iänui
eapmi	eeMi
eappel	oomeen
earkebisma	arkkâpispe
earri	uási
earta	herttâ
earuhus	iä'ruttâs
earuhus	iäruttâs
eatnanmuorji	mansikka
eatnanmuorji	mansikka~mansik
eatnigiella	eeNikieLâ
eatnigiella	eenikielâ
eavru	iäv'ru
eavru	iävru
ehtemas	etimâs~etimus
eiseváldi	esiväldi
eiseváldi	virgeomâhâš
ekonomiija	ekonomia
ekváhtor	peeivitäsideijee
elefánta	elefantti
elrávdnji	šleđgâ
energiija	energia
erohus	iäRu
ettet	eetik
euro	euro
evre	evri
evttohas	iä'vtukkâs
evttohas	iävtukkâs
evttohus	iä'vtuttâs
evttohus	iävtuttâs
eváhkko	evakko
eváŋgiljon	evangelium
eŋgel	eŋgâl
fabrihkka	fabrik
fabrihkka	fabrik~fabrig
faggi	ruák'ki
fanas	käärbis
fanas	vyeli
fastodat	vastevuotâ
fearga	väri
fearán	fiäráán
feber	kumeštâs~kumestâs
festivála	festivaal
fidjol	vivlu
fidnoallaskuvla	áámmátollâškovlâ
fidnu	haahâ
fiehta	stuor'râviet'tuu
fiehta	stuorrâviettuu
fiellu	lyev'di
fiellu	lyevdi
fierbmi	viermi
fierpmádat	viä'rmádâh
fierpmádat	viärmádâh
fiertu	fiär'ttu
fiertu	fiärttu
fievru	vuájáán
fihkon	viigun
fiilu	fijlo
filbma	elleekoVe
filbma	elleekove
filbma	filmâ
finddar	fiindâr
firkkal	ovdâlijne
fiskescizáš	fi'skispešnirihhááš
fiskescizáš	fiskispešnirihhááš
fiskesdávda	fi'skistavdâ
fiskesdávda	fiskistavdâ
fiskesrássi	nuor'ttâfi'skisrääSi~-rääsi
fiskesrássi	nuorttâfiskisrääsi
fitnodat	irâttâs
fitnodat	lihâstâs
foanda	ruttârááJu
foanda	ruttârááju
friddjabeaivi	rijjâpeivi
friddjaminuhtta	tijmekoskâ
friddjavuohta	rijjâvuotâ
funkšuvdna	funktio
fuolkevuođatávval	suhâmuoRâ
fuolkevuođatávval	suhâmuorâ
fuolki	hyel'kki
fuomášupmi	huámmášume
fuorbma	vuor'mâ
fuorbma	vuormâ
fuođar	fuođâr
fylka	leeNâ
fylkkamánni	eennâmhiär'rá
fylkkamánni	eennâmhiärrá
fáddá	fáddá
fága	aamnâs
fággi	fäggi
fáhkan	miek'kiväälis
fáhkan	miekkiväälis
fákta	kocceem
fális	välis~väälis
fápmu	väldi
fárppal	faarpâl
fárru	juáv'kku
fárvealla	iä'Rutier'vuođah
fástu	vástu
fáttar	faadâr
fávre	piä'iválâš
fáŋgavuohta	faŋgâvuotâ
gaccastat	sa'rgâstâh
gaccastat	sargâstâh
gaccepaš	sämicissááš
gaccet	pyei'dicissááš
gaccet	pyeidicissááš
gaccir	kazzer-~kazerräigi
gahpir	kappeer
gaibagahpir	koibâkappeer
galba	kolbâ
galba	käibi
galbarihcci	kolbâcuábui
galbmagáhkkor	kolmâpelčči
ganjal	koonjâl
gapmu	avâštâs
gardnjil	kaaiŋâr
garjá	vuo'râččâs
garjá	vuorâččâs
garraláibi	koškeleibi
garvin	juurrâm
gaska	koskâ
gaskaidja	koskâijjâ
gaskan	peLivaalmâš
gaskavahkku	koskokko
gaskavuohta	koskâvuotâ
gaskkas	kooskâst
gaskkas	riät'ká
gatna	konnâ
gavdda	njuođâ
gavja	kovjâ
gazza	kozzâ
gažaldat	koččâmâš
geafivuohta	kievhivuotâ
geahpedus	meddâlistem
geahpis	keepis
geahppamielki	keppâmiel'kki
geahppamielki	keppâmielkki
geahčastat	keJâstâh
geahčastat	kejâstâh
geahči	njune
geahččaleapmi	iskos
geahččaleapmi	keččâlem
geahčči	keččee
geaidnoguorra	maađijpeŋkkâ
geaidnu	kiäi'nu
gealdagas	keeldâ
gealddáhat	kihtâlâs
geallir	kiäl'lár
gealva	kavlin
geardeviessu	kerditááLu
geardeviessu	kerditáálu
geardi	hääVi
gearpmaš	kyev'di
gearpmaš	kyevdi
gearra	cerkki
gearru	kie'sâldâh
gearru	kiesâldâh
geassemánnu	keSimááNu
geassemánnu	kesimáánu
geassi	keesi
geasáhat	kiä'sáttâh
geatki	ketki
geatnegasvuohta	keNigâsvuotâ
geatnegasvuohta	kenigâsvuotâ
geavaheaddji	kevttee
geavaheapmi	anamâš
geavaheapmi	kevttim
geavŋŋis	kievŋis
geađaš	kiäđááš
geađgenjuorju	nuár'ju
geađgenjuorju	nuárju
geađgerásttis	keđgirástágâš
geađgi	keđgi
geažus	kiäjus
geaŧŧu	kiäh'tu
geaŧŧu	kiähtu
gelbbolašvuohta	tohálâšvuotâ
geografiija	eennâmtieđâ
geres	pulkke
giddagas	faŋgâl
gieddesuoidni	jurbâsyei'ni
gieddi	kied'di
gieddi	kieddi
giegacizáš	kieVâpottâsikkoo
giegacizáš	kievâpottâsikkoo
giegir	kehârâttâm
giehka	kiehâ
giehta	kietâ
giehtačálus	kie'tâčaalâ
giehtačálus	kietâčaalâ
gieldagas	čevžisuoNâ
gieldda	kiäl'du
gieldda	kiäldu
gielddastivra	kieldâstivrâ
gielddastivra	ku'ndáha'ldâttâs
gielddastivra	kundáhaldâttâs
gielddasámegiella	kieldâsämikieLâ
gieldá	kuolbâfiskispáinu
gielis	kie'les
gielká	kiäl'kká
giella	kieLâ
giella	kielâ
giellabeassi	kie'Lâpiervâl
giellabeassi	kielâpiervâl
giellaguovddáš	kie'Lâkuávdáš
giellaguovddáš	kielâkuávdáš
giellalávdegoddi	kie'Lâlävdikodde
giellalávdegoddi	kielâlävdikodde
giellaoahppa	kielâoppâ
giellavealgu	kie'Lâviäl'gu
giellavealgu	kielâviälgu
giellavealgu	čye'tikieLâ
giellavealgu	čyetikielâ
gierdavašvuohta	killeelvuotâ
gierdu	kiär'du
gierdu	kiärdu
gierdu	riegis
gietkka	kietkâm
gievdni	saŋkko
gievkkan	kievk'kân
gievkkan	kievkkân
gieđbmi	saŋkko
gihli	kihle
gihpa	mappi
gihppu	kiästu
giikan	kiijkár
giisá	árkku
giitu	kiijtos
giljobaš	laavlâčuá'njá
gilká	tivgâ
gilli	sijdâ
gilvaleaddji	ki'štottâllee
gilvaleaddji	kištottâllee
gilvu	ki'štottâllâm
gilvu	kištottâllâm
ginttal	kiintâl
girdi	kirdee
girdi	kirdemmaašin
girdišillju	kirdemkied'di
girdišillju	kirdemkieddi
girdnu	kirno
girjegiella	kirjekielâ
girjegávpi	kirjekävppi
girjehildu	kirjeildee
girjerájus	kirjerááJu
girjerájus	kirjerááju
girji	kirje
girji	reivâ
girjjálašvuohta	ki'rjálâšvuotâ
girjjálašvuohta	kirjálâšvuotâ
girjjáš	kirjááš
girkogárdi	hävdieennâm
girkoráđđi	kirkkorääĐi
girkoráđđi	kirkkorääđi
girku	kirkko
giron	kiärun
gissor	kiisur
gistu	kisto
givgás	kivkkâhâš
givssádus	kikse
gižaldat	sääHir
gižaldat	säähir
giđđa	kiđđâ
giđđadálvi	kiđđâtälvi
goahccevuovdi	kuác'ceevyev'di
goahccevuovdi	kuácceevyevdi
goahcci	kuác'cee
goahcci	kuáccee
goahki	kuáhi
goahtemuorra	ruođâ
goahti	kuáti
goaigi	njášku
goaivu	kuái'vu
goallossátni	kuá'LussääNi
goalmmádas	kuálmádâs
goalšu	ruáhu
goargu	suhânommâ
goarta	kortti
goaskin	kuás'kim
goassege	kuás'sin
goaŋku	kuáŋ'kku
goaŋku	kuáŋkku
goaŧŧu	kuáh'tu
goaŧŧu	kuáhtu
gobbá	koppakuorijâš
goddesáhpán	kozzâ-~kozzsäplig
goddi	kodde
gohppu	koppâ
gohččun	pákkum
goikebiergu	koškepiär'gu
goikebiergu	koškepiärgu
goikket	sovskaamuv
goiku	koško
golbmačiehka	kulmâhâš
golggotmánnu	roovvâdmááNu
golgodávda	njuám'mootavdâ
golgodávda	njuámmootavdâ
gollebahta	kollepottâ
gollerássi	kollerääSi~-rääsi
gollerássi	kollerääsi
gollečeahppi	kollečeppi
golli	kolle
golláš	čalmekollááš
golmmeš	kuulmâš~kuulmiš
gomu	kočâttâh
gonagas	kunâgâs
gonagasbárdni	prinssâ
gonte	konttâ
goppás	koppakuorijâš
gordni	valje
gorostat	njoođâlm
gosahat	kuo'rsâttâh
gotka	kutkâ
govadat	kovos
govdodat	kobdodâh
govva	koVe
govva	kove
govvadáidda	koVetaaiđâ
govvadáidda	kovetaaiđâ
govvaráidu	koVeráiđu
govvaráidu	koveráiđu
govvaráidu	ráiđukoVe
govvejeaddji	kovvejeijee
govvádus	kuvvim
govččas	loovdâ
govččas	tekki
gožu	kiepâ
gođus	kođos
gođđu	koĐo
gođđu	kođo
grámma	grammâ
gudni	kunnee
guhkesbearjadat	kuhesperjâdâh
guhkkodat	kukkodâh
guhkkodatnjuiken	kukkodâhnjuškim
guhkká	kukká
guhkká	piät'tárrääSi~-rääsi
guhkká	piättárrääsi
guhkkár	pursâ~purssâ
guigu	nuo'râkkâš
guite	kuittâ
guksi	kukse
guksi	ávskár
gulahus	kulluuttâs
gulbmi	kulme
guldaleaddji	kuldâleijee
gulli	kuldâleijee
gullu	kuLo
gullu	kulo
gummebáddi	kumipäddi
gumpe	kumppi
guoddi	kyed'dee
guoddi	kyeddee
guoddá	kuád'dá
guoddá	madrâs
guoggun	kuág'gum
guoggun	kuággum
guohcarássi	ulâštooŋâs
guohkki	kuáh'čá
guohpa	kuopâ
guohttelus	lote
guohtun	kuáttumeennâm
guoibmi	kyei'mi
guoibmi	peLikyei'mi
guoibmi	ávuskyei'mi
guoibmi	ávuskyeimi
guoika	kuoš'kâ
guoikgáhrit	kuoš'kkärigâš
guoikgáhrit	kuoškkärigâš
guoksa	kuop'sâ
guoksa	kuopsâ
guolbmá	porge
guolga	soovsâ
guollebivdu	kuá'lástus
guollebivdu	kuálástus
guolli	kyeLi
guopmi	kyeMi
guopmi	kyemi
guoppar	kuobâr
guorahallan	čiel'giittâs
guorahallan	čielgiittâs
guorbmi	kyer'mi
guorga	kuor'gâ
guorga	kuorgâ
guorká	läbžimáátu
guossa	kuoSâ
guottu	syeb'dee
guottádat	kuá'dádâh~kuá'dádoh~kuá'dáduh
guovddáš	kuávdáš
guovdi	piätukyevdi
guovllas	vyev'li
guovllas	vyevli
guovlu	kuáv'lu
guovlu	kuávlu
guovssu	kuávsui
guovttegielatvuohta	kyevtkie'lâlâšvuotâ
guovvamánnu	kuo'VâmááNu
guovža	kuob'žâ
guovža	kuobžâ
guođoheaddji	kuá'đutteijee
guppar	veški
gurgadas	ráiđu
gurgadas	šuoŊâ
gurgadas	šuoŋâ
gussa	kussâ
gussagoalsi	kuussâgkuál'si
gussagoalsi	kuussâgkuálsi
gutna	kunnâ
guvtteš	kuávtáš
guvžá	meRâkuávžur
guvžá	merâkuávžur
guđeš	kuuđâš
guđeš	kuuđâš~kuuđiš
guškkástat	pu'školodde
guškkástat	puškolodde
gáddi	riddo
gáffal	kahvel~kahvâl~kaahvâl
gáffe	kähvi
gáffeboddu	ká'hvástâllâmpuddâ
gággá	kaggâ
gáhkkor	kähtee
gáhkku	kákku
gáhkká	čalmemaNe
gáhkká	čalmemane
gáhta	kaatâ
gáhtu	katâmâš
gáhčči	kässi
gáibmi	käimi
gáibádus	vátámâš
gáica	kaiccâ
gáimmežat	kaaimiš
gáiru	káiru
gáisá	väRičokke
gáisá	väričokke
gáivo	káivu
gákkis	käägis
gákkis	saargâ
gála	kaalâ
gálbbenjunčuonjá	vie'lgisnie'rčuánjá
gálbbenjunčuonjá	vielgisnierčuánjá
gálbi	kälbi
gállis	kääLis
gállu	kállu
gálojeatni	káluenni
gálvagorddet	kalvâhuáš'ši
gálvagorddet	kalvâhuášši
gálvu	kálvu
gáma	kaamâ~kaamuv
gámmir	káámmár~káámmâr
gánis	känistähti
gáranas	káránâs
gáranasmuorji	káránâsjuŋŋâ
gárdi	kärdi
gárdin	kärdin
gárggiideapmi	ovdánem
gárgolaš	ká'rgulâš
gárgolaš	kárgulâš
gáržžideapmi	raijiittâs
gássa	kaasu
gássa	kassa
gássa	kassâ
gásta	kaastâ
gásttadas	lahtâdâs
gávas	vuoš'kanjâs
gávgil	kääRi
gávnnas	poVustem
gávnnit	uá'ĐáduVâh
gávnnit	uáđáduvâh
gávpegálvu	kävppikálvu
gávpi	kavpâšem
gávpi	kävppi
gávpot	kaavpug
gávpotstivra	kaavpugstivrâ
gávppálaš	kävppijâs
gáŋga	kaaggâin~kaaggânj
haddi	hadde
haŋŋá	áŊálâh
haŋŋá	áŋálâh
heahki	hágá
heahtedilli	kriisâ
heahteveahkki	vuo'SâiŠe
heahteveahkki	vuosâiše
heahti	eeti
heaibu	hiäi'bum
heaidna	saijeem
heajat	heejah
healbmi	helmi
heargi	ergi
heargi	vuájáán
hearrá	hiär'rá
hearrá	hiärrá
hearrávuohta	hiär'rávuotâ
heasta	hiävuš
heasttahas	hiä'vuša'lmai
heavdni	evni
heavsmánni	kapteen
heavval	heevvâl
heađálaš	iä'tásâš
hehttehus	eestâ
hehttehus	heMâdâs
hehttehus	hemâdâs
hehttehus	háittu
hellodagat	helduvah
helvet	helvit
heláduorastat	helduvpeivi
herkken	eerhim
hersko	hersku
hevro	liev'lâ
hevro	lievlâ
heđen	šohânâs
heŋge	kuár'vi
heŋge	kuárvi
hiistu	viätu
hildu	ildee
hildu	ildee~ilddee
hilsku	iilâskvalje
hipmu	hiMo
hipmu	himo
hirri	valdâttâh
hirsa	hirsâ~hirssâ
hirssat	hirssâ
historjá	historjá
historjá	maainâs
hivsset	hyysig
hiŋggal	fiŋgál~hiŋgál
hoahkan	kuuhâs
hoahppu	kiirâs
hoavva	haavi
holbi	olbe
holve	holvi
hommá	hommá
horbmá	kieVânjuolâs
horbmá	kievânjuolâs
hotealla	hooteel
hovdejeaddji	uundâr
huikkas	larmâ
huksenlohpi	huksimlope
hupma	hullân
hupma	hullân~huullân
hupma	huummân
hurri	huRečuhčá
hurri	hurečuhčá
hutkkus	hutkos
hábmen	hammim
hádja	opsâ
háhku	aaigâ
háhtta	hattâ
háhtádus	kuá'Rádâs
háhtádus	kuárádâs
hálbma	olgâ
hálddašanorgána	ha'ldâttâsorgaan
hálddašanorgána	haldâttâsorgaan
hálddašeapmi	ha'ldâttâs
hálgu	čieskâs
hálka	ruok'kâ
hálka	ruokkâ
hállemas	posijpeivi
hálli	sárnoo
hállu	haaLu
hápmi	hääMi
hápmi	häämi
hápmi	orroom
hárdu	ärdee
hárjeheaddji	há'rjuttâllee
hárjeheaddji	hárjuttâllee
hárjeheaddji	välmejeijee
hárpá	harppu
háse	haasi
háskil	meRâäskil
háskil	merâäskil
hástalus	hástu
hávda	havdâ
hávdda	haavdâ
hávdi	hävdi
hávga	puš'ko
hávla	havlâ
hávvar	kavra
hávvi	hävvi
háŋgu	háŋgu
identitehta	identiteet
idja	ijjâ
idjabivttas	ijjâpiivtâs
idjaloddi	ijjâlodde
idni	tavekaasirääSi~-rääsi
idni	tavekaasirääsi
idola	jiellâh
iehčanasvuohta	jiečânâsvuotâ
iešdovdu	jieštobdo
iešmearridanvuoigatvuohta	jiešmeRidemvuoi'gâdvuotâ
iešmearridanvuoigatvuohta	jiešmeridemvuoigâdvuotâ
iešstivrejupmi	autonomia
iešvuohta	jiešvuotâ
ihkkon	ikkân
ihtalupmi	ittum
illu	iLo
illu	ilo
indiána	indiaan
industriija	rá'htálâšvuotâ
investeren	investeerim
inšenevra	insiner
ipmil	immeel
ipmilbálvalus	immeelpalvâlus
irgi	irge
isit	kääLis
ivdni	ivne
iđit	iiđeed
iđitbiebmu	iđedâs
jagiáigi	iVeäigi
jagiáigi	iveäigi
jahkedieđáhus	ihemuštâlus
jahki	ihe
jallodat	jollâvuotâ
jalŋŋis	čuol'dâ
jaskatvuohta	jávuttemesvuotâ
jeaggi	jeggi
jeaggi	suánju
jeagil	jäävvil
jearahallan	sahhiittâllâm
jearaldat	kojâldâh
jeasta	hijvá
jeđđehus	lo'hđuttâs
jeđđehus	lohđuttâs
jiehkki	jie'Ŋâdâh
jiehkki	jieŋâdâh
jiehtanas	jie'tânâs
jiehtanas	jietânâs
jiekta	či'rgottâs~či'rgottus
jiekta	čirgottâs
jiekŋa	jieŊâ
jiekŋa	jieŋâ
jiella	viätu
jielti	jiel'ttâ
jielti	jielttâ
jienahisvuohta	jie'nâttemesvuotâ
jienahisvuohta	jávuttemesvuotâ
jienasteapmi	jie'nâstâs
jienasteapmi	jienâstâs
jierbmi	jier'mi
jietna	jieNâ
jievjaskuolfi	skyel'fi
jieŋas	jieŋâs
joatkka	jotkâ
joatkka	kuhádâs
joatkkaoahpahus	jotkâškovliittâs
joatkkaskuvla	luvâttuh
joatkkaskuvla	áámmátškovlâ
joavku	juáv'kku
joavku	juávkku
jogaš	aajâ
johka	juuhâ
johtalusgalba	jotolâhmerkkâ
johtalusčuovga	jotolâhčuoVâ
johtalusčuovga	jotolâhčuovâ
johtilvuohta	liäh'tu
johtilvuohta	liähtu
johtin	varrim
johtolat	jotolâh
johtolat	kiäinu
johtu	joto
johtu	jotteem
jokŋa	juŋŋâ
jorgaleaddji	jurgâleijee
jorgalus	jurgâlus
jorralus	jurrâmâš
jorri	joRáduh
journalista	to'imâtteijee
journalista	toimâtteijee
jođiheaddji	jođetteijee
jugahus	ju'Vâttâs
jugahus	juvâttâs
jugešvuohta	juhheevuotâ
juksu	tikso
julevsámegiella	juulevsämikieLâ
julggaštus	julgáštâs
julla	juuMâ
julla	juummân~jummân
jumeš	jye'mehâš
jumeš	jyemehâš
juoga	miinii
juoga	čäcijyeh'hee
juoga	čäcijyehhee
juogadeapmi	jyehim
juogus	juáVus
juohkin	juáhu
juohkki	jyeh'hee
juohkki	jyehhee
juolgeluš	jyel'gikeeči
juolgesuorbma	jyel'gisuor'mâ
juolgi	jyel'gi
juolgi	vuálááš
juopmu	sälttisyei'ni
juopmu	sälttisyeini
juotna	juonâ
juovlamuorra	juov'lâkuoSâ
juovlamuorra	juovlâkuosâ
juovlamánnu	juov'lâmááNu
juovlamánnu	juovlâmáánu
juovlaruohtta	juov'lâáptu
juovlaskeaŋka	juov'lâlähji
juovlastállu	juov'lâstááLu
juovlastállu	juovlâstáálu
juovllat	juovlah
juovva	säärgis
jurdda	idea
jurdda	juurdâ
jurista	juuriist
jurra	juuRâ
juŋgel	laanjâs
jábmi	jämmee
jáffut	jááVuh
jáffut	jáávuh
jáhkka	takki
jáhkku	oskomuš
jámeš	komme
jándor	jándur
jápmin	jäämmim
jápmu	hiävvu
jávregáddi	jävririddo
jávri	jävri
kafea	kähviviäSu
kaleanddar	kalender
kantiidna	purâdemviste
kantuvra	to'imâttâh
kantuvra	toimâttâh
kapihtal	káppálâh
kapitála	uái'viomâdâh
kaseahtta	kasseet
keaisár	kiäi'sár
kemiija	kemia
kihtet	kettig
kihtta	kittâ
kilo	kiilu
kilomehter	kilomeetter
kloasttar	luostar
knáhppá	kuppá
koahkka	kokkâ
koarra	kuoro
kombinašuvdna	kuálus
kommentára	laSehuá'Mášuttem
komposišuvdna	nuottâ
konferánsa	konferens
konsearta	konsert
konsearta	oovdânpyehtim
konto	tili
kopiija	kopio
kore	koori
kreakta	pa'skos
kreakta	paskos
kriita	liidu
kristtalašvuohta	ristâosko
krohppa	roppâ
krubbá	seimâ
krámpa	aččinj~aččin~haččin
kráva	siä'pulâs
kráva	siäpulâs
kubbel	kuubool
kultuvra	kulttuur
kumma	näppi
kunddar	äššigâs
kursa	kurssâ
kvárta	varttâ
kálka	kalkkâ
kántorbargi	to'imâttâhpargee
kántorbargi	toimâttâhpargee
kárta	kárttá
ladju	laJo
ladju	lajo
lageš	laajiš
lageš	laajiš~leejiš
lahttu	jeessân
lassi	lasattâs
lassi	lase
latiinnagiella	läättin
latnja	lonnjâ
lađas	loođâs
leahppi	uuvsâh
leaibi	leibi
leaira	leirâ
leaksu	liäk'su
leaksu	liäksu
leaktu	liäh'tu
leansmánni	komserjâs
leaska	leskâ
leastu	liäs'tu
leastu	liästu
leavga	laggâ
leavgastággu	laggâstággu
ledjon	leijoon
levlo	liev'lâ
levlo	lievlâ
liepma	lieMâ
liepma	liemâ
lihkku	lukko
lihttebassanmášiidna	littepoossâmmaašin
lihtter	litter
lihtti	kovli
lihtti	litte
lihttu	litto
liibma	lijmá
liidna	kiär'du
liidna	kiärdu
liidni	lijne
liiki	liške
liiva	suá'játtespusseer
likta	lihtâ
lilljá	liljá
linjá	säärgis
linjála	vijváin
listu	listo
listu	luVâttâllâm
liššá	liššá
loahki	moRe
loahppa	loppâ
loahppemielki	piMe
loahppemielki	pime
loatna	loovnâ
loddi	lodde
logaldallan	luvâldâh
logijahki	ihelohe
logádat	loVádâs
lohkka	lukkâ
lohkki	lohhee
lohku	lohomeeri
lohpi	lope
lohpádus	lopádâs
lokomotiiva	kessee
lokta	luptâ
lotnji	juár'ŋi
lottegazza	lodejyel'gi
lovssa	luocci
luhkkár	lukkár
luhčadávda	luččâtavdâ
luhčadávda	čuávjitavdâ
lulli	mäddi
lulli	nuor'ttâ
lullisámegiella	maadâsämikieLâ
luládat	keSipieg'gâ
luládat	nuor'ttii
luládat	nuorttii
lumma	lummâ
luodda	kieJâ
luodda	päälgis
luodda	rađe
luogga	luokâ
luohkká	luokka
luohkká	luák'ká
luohkká	luákká
luohti	juáigus
luohttámuš	luát'támuš
luohttámuš	luáttámuš
luokta	luoh'tâ
luomi	lakka
luomi	lye'me
luomi	lyeme
luonddumeahcci	luándumecci
luondduriggodat	luánduriggodâh
luondu	luán'du
luondu	luándu
luopmu	luáMu
luoppal	luobâl
luossa	luoSâ
luossa	luosâ
luovvar	apila
luovččan	luoh'čâm
luođđa	luoĐâ
luođđa	luođâ
lurvu	sappe
luŋká	luŋkká
lábástat	lá'vástâh
lábástat	lávástâh
ládda	leemnâ
lága	juávhudâh
lággá	soJopoccee
lággá	sojopoccee
lágideaddji	uár'nejeijee
lágideaddji	uárnejeijee
láhka	laahâ
láhka	njäähi
láhkaevttohus	lahâiäv'tuttâs
láhkaevttohus	lahâiävtuttâs
láhkateaksta	lahâtekstâ
láhki	kvaliteet
láhttenvuohki	vuá'Válâšvuotâ
láhttenvuohki	vuáválâšvuotâ
láhtti	lättee
láhttu	lättee
láhtu	láátu
láibbohat	liä'ibuttâh
láibesuvli	pajaldâs
láibi	leibi
láigi	läigi
láigolaš	láigulâš
láikkan	lášká
láittus	lááitus
lákcajiekŋa	lahcâjieŊâ
lákcajiekŋa	lahcâjieŋâ
lámpá	lamppu
lánnot	läddilâš
láppis	lääbis
láse	laasâ
láseliidni	laSâlijne
láskkáš	laskijâš
látna	leeJi
láttu	láddu
lávdealmmái	lävdia'lmai
lávdealmmái	lävdialmai
lávdegoddi	lävdikodde
lávdi	lyeVi
lávdi	lyevi
lávdi	čaittâlemsaJe
lávežat	puoriš
lávgungárri	lávguääldis
lávgungárri	ääldis
lávka	lavkkâ
lávki	lävkki
lávki	siipuul
lávkkis	suámsur
lávli	nyev'vi
lávli	nyevvi
lávlla	laavlâ
lávttas	laavtâs
lávttas	lahtâvuotâ
lávvordat	láVárdâh
lávvu	lááVu
lávvu	láávu
lávži	läbži
lášmmohallan	lihâdem
lášmmohallan	lášmuttâllâm
láđđi	läđđee~leđđee
manni	mannee
mannji	maNje
margariidna	margarin
massin	monâttâs
materiála	amnâstâh
materiála	materiaal
mašiidna	maašin~maaššin
maŋisboahtti	maajeeldpuáttee
maŋŋebuoidi	pottâčuáLi
maŋŋebuoidi	pottâčuáli
maŋŋebárga	majebargâ
meahcceráđđehus	meccihaldâttâs
meahcci	meccikuáv'lu
meahcci	meccikuávlu
meahkástat	miä'hástâh
mealli	meeLi
mealli	meeli
mealli	pyei'divepsi
mealli	pyeidivepsi
mearka	merkkâ
mearkabiire	vittápirrâdâh
mearkkašupmi	me'rhâšuMe
mearra	meeRâ
mearra	meerâ
mearraguolli	meRâkyeLi
mearraguolli	merâkyeli
mearragáddi	meRâriddo
mearragáddi	merâriddo
mearraháskil	kubdâpođâšäskil
mearri	tuárvi
mearrádus	miä'Rádâs
meassu	messu
meattáhus	feilâ
meaštár	miäš'tár
meaštár	miäštár
medálja	miitaal
mehter	meetter
merken	merkkum
metálla	meetaal
miehkki	miek'ki
miehkki	miekki
miehta	mietâ
miekta	mieh'tâluhtee
miekta	miehtâluhtee
mielddus	labdos
mielki	miel'kki
miella	mieLâ
miella	mielâ
miella	pieg'gâ
miellaguoddu	ovdâjuurdâ
miellahttuvuohta	jeessânvuotâ
miellačájáhus	mie'Lâčááitus
mielli	juhâtermi
mielli	riddoviemmâr
mierká	miär'kká
mierká	miärkká
miessemánnu	vye'SimááNu
miessi	vyeSi
miestta	miestâ
mihcamárat	jo'nsahpeivi
mihcamárat	jonsahpeivi
mihtideapmi	mittedem
mihttolávva	mittokaava
mihttu	mitto
miljon	miljovn
millimehter	millimeetter
millu	millo
minerála	mineraal
minta	minttu
minuhtta	miinut
mirko	mirkkâ
missu	misso
moalla	maalâ
moarahat	luod'dânem~luod'dânim
moarsi	myer'ssee
moarsi	myerssee
mobiila	mätkipuhelin
modji	moJe
modji	moje
mohkki	mokkemätki
mohkki	muál'kki
mohkki	vieski
mohtor	moottor
mohtorgielká	skootter
moivi	moive
mokta	mohtâ
molssaeaktu	molsâiäh'tu
monni	mane
moraš	muurâš
morddár	morhedeijee
morša	muršâ
morči	mo'rčes
mođđi	mote
muddu	muddo
mugga	kannu
muhtter	mutter
muitalus	muštâlus
muitu	mušto
mullju	tuškâ
muohta	muotâ
muohtaáddjá	muo'tâäijih
muohtaáddjá	muotâäijih
muohtu	nieRâ
muohtu	nierâ
muolda	mulde
muorjemeastu	hillo
muorji	myer'ji
muorra	muoRâ
muotki	kuát'ku
muotki	kuátku
muođut	muá'đuh~muá'đoh
muođut	nurde
murdu	suov'kkâ
musihkka	muusik
musihkkár	musikkár
muttar	muudâr
muvra	muvrâ
muŋka	muŋkki
mádjit	maaijuv
máhccan	maccâm
máhka	immeev
máhttu	táiđu
máhttájeaddji	máttááttâspärni
máihli	mäihli
máilbmi	maailm
máilmmisoahti	maailmsuáti
máistin	máhuáiccu
máksu	vaastâ
máksámuš	máksámâš
málbma	malmâ
málesruitu	kiem'ni
málesruitu	kiemni
mális	määLi
málli	määLi
málli	määli
málár	máálár
mánnu	mááNu
mánnu	pyei'di
mánná	páárnáš~páárnâš
mánnávuohta	pärnivuotâ
mánoheahpi	mánuttep
mánáidgárdi	párnáikärdi
mánáidruoktu	párnáipäikki
mánáidskuvla	vyelitääsi
márfi	märfi
márkan	kirkkosijdâ
márkan	markkân
márki	märkki
máska	naamar
mátki	mätki
mátkkošteaddji	ma'đhâšeijee
mátkkošteaddji	mađhâšeijee
mátkkálaš	má'đhálâš
mátta	maadâ
mátta	roppâ
máttabátni	madâpääNi
máttabátni	madâpääni
máttarvánhen	maadâr
máttaráddjá	madâräijih
máđir	vie'lgismääđir
máđir	vielgismääđir
namahus	nomâttâs
namma	nommâ
nammaláhpat	nommâloppâ
nannán	nannaam
narkotihkka	narkotiik
neahti	neeti
nealgi	puurrâmmieLâ
neavttár	čaittâleijee
neavttár	čájáttâllee
neavva	avžuuttâs
niehku	naVer
niehku	naver
niehtti	pähkin
nieida	niei'dâ
nieida	nieidâ
nieidačivga	niei'dâpärni
nieidačivga	nieidâpärni
nieiddaš	nieidâš
nierra	nie'Râuái'vi
nierra	nierâuáivi
nihta	aaštâ
niibi	nijbe
niisa	äävild
niitu	nijtto
niski	niske
nisojáffut	nisujáávvuh
nisoláibi	niisu~nisu
nisu	kaavâ
nisu	niisu
njavki	snáittu
njavvi	njaVe
njeahcet	njeeccih
njealjejuvlageassi	neljikiäSu
njealjádas	niä'ljádâs
njealjádas	niäljádâs
njeavdi	saavzâsiNo
njeavdi	saavzâsino
njelješ	niäljáš
njivli	njivle
njivžžanas	tuulâš
njiččehas	njomâtteijee
njiŋŋelas	niŊálâs
njiŋŋelas	niŋálâs
njoammelsuoidni	njuám'milhuáš'ši
njoammelsuoidni	njuámmilhuášši
njoammil	njuám'mil
njoammil	njuámmil
njoammu	ka'šmârdeijee
njoarosteaddji	suoppâina'lmai
njuikehat	njuškiittâh
njukča	njuhčâ
njukčamánnu	njuhčâmááNu
njukčamánnu	njuhčâmáánu
njunni	njuNe
njunni	turbe
njunuš	keeči
njuohcu	muáskáš
njuolggadus	njuo'lgâdus
njuolla	njuoLâ
njuorggis	čooVâr
njuorjju	nuár'ju
njuorjju	nuárju
njuovahat	njuo'Vâdâh
njuovvi	njyev'vee
njuozat	njuág'gá
njuozat	njuággá
njuvvat	fiindâr
njáhcu	syeji
njálbmi	njälmi
njálggus	njäälgis
njálla	njaaLâ
njálla	njaalâ
njálmmádat	njá'lmádâh
njálmmádat	njálmádâh
njárga	njargâ
noaidi	nuáidi
noarvi	nuár'vi
noađđi	kurppe
norgalaš	taažâ
novrrán	tavenuor'ttii
novrrán	tavenuorttii
nođđu	uái'vát
nođđu	uáivát
nulla	nollá
nummar	nummeer
nuohtta	melodia
nuohtti	nyet'ti
nuohtti	nyetti
nuoraidskuvla	paJetääSi
nuoraidskuvla	pajetääsi
nuorra	nuoRâ
nuorravuohta	nuo'Râvuotâ
nuorravuohta	nuorâvuotâ
nuorri	čuál'mi
nuorvu	nuárvui
nuoskkideapmi	nuá'skádâs
nuoskkideapmi	nuáskádâs
nuvsku	nuuská
nuvttot	njuuppâh
nággu	vižže
náhkki	nähki
náittosbárra	kálžá
náittosdilli	näimilitto
nákca	nahcâ
nákkosgirji	náguskirje
nállu	nááLu
náránaš	náárááš
náskál	uáRi
násti	täsni
návet	naavit
návetvázzi	luá'mutteijee
návetvázzi	luámutteijee
návrraš	naavrâs
náđet	luobdâh
oabbá	uáb'bi
oabbá	uábbi
oaffar	uhre
oahpaheaddji	máttáátteijee~máttááttijjee
oahpahus	opâttâs
oahppi	uáp'pee
oahppi	uáppee
oahppogirji	oppâkirje
oaidni	vahtâ
oaidnu	uái'vil
oaidnu	uáinu
oainnus	váárdus
oaivegávpot	uái'vikaavpug
oaivegávpot	uáivikaavpug
oaiveskálžu	uái'vitähti
oaksi	uák'si
oaksi	uáksi
oalgi	uál'gátuái'vi
oalis	uá'les~uá'lis
oalul	uálul
oamedovdu	uá'mitobdo
oamedovdu	uámitobdo
oanádus	uánádâs
oarri	uár'ree
oarri	uárree
oassi	uáSi
oassi	uási
oasti	uás'tee
oasti	uástee
oastin	uás'tu
oastin	uástu
oastu	uás'tu
oasus	uásus
oasálaš	kuá'skulâš
oatna	onnâ~ooNâ
oađđenlatnja	uáđđimviste
obbalággá	ubbâlaggâ
ogon	tájutteijee
ohcan	ucâmuš
ohcanáigi	uuccâmäigi
ohcci	occee
oidojupmi	mielâstumvuotâ
oksygena	happi
okta	ohtâ
oktavuohta	ohtâvuotâ
olahus	ulâttâs
olgofeaskkir	olgoveeskir
olgoriika	olgoeennâm
olju	oljo
olli	olámuddo
ollisvuohta	ubâlâšvuotâ
olmmoš	olmooš
olmmoš	persovn
olmmošlohku	olmoošloho
olmmošvuohta	olmoošvuotâ
olmmošvuoigatvuohta	olmoošvuoigâdvuotâ
olmmái	a'lmai
olmmái	ustev
opmodat	oMâdâh
ordi	šorde
organisma	orgaanvuáhádâh
orgána	orgaan
originála	ärbisääni
orohat	paalgâs
orrun	aassâm
orrunsadji	aassâmpäikki
ortnet	iälšu
ortnet	oornig
oskkáldasvuohta	o'skolâšvuotâ
oskkáldasvuohta	oskolâšvuotâ
osku	o'skoldâh
osku	osko
osku	oskoldâh
osolaš	uá'Sálâš
ossodat	uá'Sádâh
ossodat	uásádâh
ovdagovva	ovdâkove
ovdagáddu	muNekáddu
ovdamearka	ovdâmerkkâ
ovdanamma	ovdânommâ
ovdaolmmoš	hovdâ
ovdasaš	oovdâš
ovddasmanni	oovdâstmannee
ovddastus	ovdâstem
ovddasvástádus	ovdâsvástádâs
ovdu	o'vdâdâs
ovttadat	oovtâiloho
ovttamielalašvuohta	oovtâmie'lâlâšvuotâ
ovttamielalašvuohta	oovtâmielâlâšvuotâ
ovttasbargu	o'vtâspargo
ovttasbargu	ovtâspargo
ovttastupmi	siärvádâh
ovttastus	ovtâstâh
ovtteš	oovtâš
ođas	uuđâs
ođasmahttin	uđâsmittem
ođđabeairuohtta	uđđâvuo'đáptu
ođđabeairuohtta	uđđâvuođáptu
ođđabeaivi	uđđâvuo'đpeivi
ođđabeaivi	uđđâvuođpeivi
ođđajagemánnu	uđđâiVemááNu
ođđajahki	uđđâihe
ođđaássi	uđâsässee
pateanta	patent
peanna	pennâ
perspektiiva	uái'nu
perspektiiva	uáinu
piáno	piano
piáno	siijvost
plakáhta	poster
planehta	plaaneet
plastihkka	lastik
plokka	avra
plána	vuávám
plánejeaddji	sundáttâllee
plásttar	laastar
poasta	postâ
poastaboksa	postâloová
poastamearka	postâmerkkâ
poesiija	tihtâvuotâ
politihkka	politijkká
politihkkár	politijkkár
politiija	poolis
prentehus	riäntus
presideanta	president
prinseassa	prinses
prinsihppa	prinsiip
proavás	ruávást
profehta	proofeet
professor	professor
prográmma	ohjelm
proseanta	prooseent
proseassa	prosessâ
prosedyra	vyehi
publikašuvdna	almostittem
pulta	pulbet
pumpa	pumppu
pánta	panttâ
párka	muorâstâh
pássa	passâ
rabasvuohta	ávusvuotâ
raddeleahppi	kaulur
raddi	radde
rahkadas	vuálááššadolâšvuotâ
rakeahtta	raakeet
rasisma	raasiism
ravda	robdâ
reabbá	rapu
reahka	riehâ
reaidnár	puá'suikeččee
reaidnár	puásuikeččee
reaidu	tye'Jipiergâs
reaidu	tyejipiergâs
reantu	renttâ
reaská	čerrihkyeLi
reastalas	resthâš
reavgganas	ráVáttâs
reavgganas	ráváttâs
reaŋga	reŋgâ
registtar	register
rehket	reekkig
rekláma	mááinus
rektor	rehtor
republihkka	täsiväldi
restoráŋŋa	raavâdviäSu
resursa	reesuurs
revolušuvdna	vääldikomettem
ridda	ruos'sâhâš
ridda	si'bžádâh
ridda	sibžádâh
riddoguovlu	meeRâ
riddoguovlu	meerâ
riddu	riddo
riddár	riitaar
ridnu	kilbo
rieban	riemnjis
riegádeapmi	šoddâm
riehpu	luási
riehtet	čässih
riehtti	nähki
riekkis	riegis
rievdadus	nubástus
rievssat	riäv'ská
rievssatcizáš	alkkuuvsâš
rievssatfálli	riäv'skávälli
rievssatmuorji	káránâsmyer'ji
rievssatmuorji	káránâsmyerji
rievvár	riävvár
riggi	ruŋgo
riggodat	rigesvuotâ
rihkkun	pilkku
rihkus	rikos
rihpat	nisteđ
rihppa	rippâ
rihppaskuvla	rippâškovlâ
rihtu	stormâ
riidu	rijdo
riifu	háárááv~hááráv
riifu	rippo
risen	riisi
risku	soljo
risteadni	ristenni
ristáhčči	risteeči
rivgovuolpu	rivgoohaamiträäSi~-rääsi
rivgovuolpu	rivgoohaamiträäsi
riŋggal	riiŋgâl
rišša	riššâ
rišša	riššâsäggi
riššu	riišâ
riđđu	vaŠo
roahpi	skuot'tâ
roahttu	rotto
roassu	čuám'mi
roavvá	rovvá
roašmevihki	spiitaal
rogaš	ruuvâš
roggi	kyep'pi
roggi	uáLi
roggi	vyeMi
roggi	vyemi
rohkki	rokke
rohkos	ruhâdâs
rohtu	roto
rolla	rooli~roolâ
roman	foostâg
romána	roomaan
rožohat	čuáv'jipuálttâs
rudda	njados
ruhkku	rukko
ruhta	ruttâ
ruhtadeapmi	ruttâdem
ruhtasubmi	ruttâsumme
ruksesjuolčoavžžu	ruop'sisjyel'gčiävžui
ruksesjuolčoavžžu	ruopsisjyelgčiävžui
ruksessealgi	jutteselgi
ruksessáhpán	päikkisäplig
ruktá	laSâčalme
ruktá	lasâčalme
rumaš	roppâ
rumaš	ruumâš
rumašlahttu	rummâšuáSi
rumbu	rumbu
ruobbi	ryeb'bi
ruobbi	ryebbi
ruohtta	áptu
ruoigu	kaavrâs
ruoivil	ryei'vil
ruoivil	ryeivil
ruoksi	njižže
ruoktu	päikki
ruossa	ratkuuttâh
ruossa	ristâ
ruosta	ruos'tâ
ruosta	ruostâ
ruovdegulmmet	ryev'dikuálááš
ruovdegulmmet	ryevdikuálááš
ruovdi	ryev'di
ruovdi	ryevdi
ruovttoluotta	maasâd~maassâd
ruovttubargu	päikkipargo
ruoššaállat	tuo'dârleivosâš
ruoššaállat	tuodârleivosâš
ruppal	ruble
ruska	roske
ruskalihtti	lye'Nilitte
rusttet	reiskäppi
rutiidna	ruutiin
ruvdno	ruvnâ
ruvdorássi	toŋâsrääSi~-rääsi
ruvdorássi	toŋâsrääsi
ruški	ruške
rušpi	porkkan
ružžu	korsâ
rábbi	haškâ
rábmot	máinuđ
ráddi	räddi
rádio	radio
rádji	rääJi
rádji	rääji
ráfi	ráávhu
ráhkaniibi	rahânijbe
ráhkisvuohta	rähisvuotâ
ráhppa	lavkkiittâh
ráidodállu	ráiđutááLu
ráidu	raddalâs
ráidu	ráiđu
ráiku	taajig
ráksá	ráksá
rámbi	räbbi
rámma	pirâldâs
ránesskuolfi	sämioppuu
ránnjá	naabur
rántet	muo'Râluád'dumsaJe
rássa	läättinrassi
rássa	nääLi
rásselohkku	syei'niaččinj
rássi	rääSi
rásttis	rástágâš
rátkka	pygálys
rátnu	lätteerááNu
rátnu	rááNu
rátnu	ráánu
rávdi	rävdee
rávdnji	rävŋi
rávdu	rávdu
rávgoš	ravgâ
ráŋggáštus	rá'ŋgáštâs
ráŋggáštus	ráŋgáštâs
ráđđeaddi	raavâadeleijee
ráđđehus	hallittâs
ráđđejeaddji	haldâšeijee
ráđđejeaddji	räđđejeijee
ráđđeolmmái	ku'ndáhovdâ
ráđđeolmmái	kundáhovdâ
ráđđi	niäv'vu
ráđđi	rääĐi
ráđđi	rääđi
sabet	čuoigâmsaaveeh
sadji	päikki
sadji	saJe
sadji	saje
sadjásaš	saJasâš
sahá	sááhá
sainnahat	so'inâttâh
sainnahat	soinâttâh
sajus	sajadâh
sajádat	sajattâh
salla	askadâs
sallit	silde
saláhta	saalaat
sarrit	saRe
sarrit	sare
sarvvis	sa'rves
sarvvis	sarves
savosuotna	sajessuoNâ
savu	savo
saŋáš	saaŋaaš
seaguhus	siävus
seahki	huáv'ri
seahki	huávri
seahki	suuvrâs
seahkka	sekkâ
seaibi	seibi
seaidni	seini
seaila	seilâ
sealgeeadni	selgienni
sealla	sellâ
seargge	sier'gi
seargge	siergi
searvegoddi	servikodde
searvi	servi
seavdnjatvuohta	sevŋâdâs
seavla	sihtâ
seaŋga	seŋgâ
segohus	siä'vuttâs
senet	siinap
sente	sentti
sentimehter	senttimeetter
servodat	ohtsâškodde
seđel	seeddâl
siehppa	siep'pâ
siehppa	sieppâ
sieidi	siei'di
sieidi	sieidi
siellu	siäLu
siellu	siälu
siepman	siemâ
sierrasearvi	lahko
sierát	siirááp
sieđga	puájui~puá'joi
sieđgaskierri	sämisieđ'gâ
sieđgaskierri	sämisieđgâ
signála	signaal
sihkaldat	siholdâh
sihkarvuohta	to'rvolâšvuotâ
sihkarvuohta	torvolâšvuotâ
sihkarvuohta	visesvuotâ
sihkkel	jorree
sihkkel	pyerá
sihkor	siigur
siida	paJesijdâ
siida	pajesijdâ
siidu	sijđo
siiggát	pááRu
siivu	sijvo
silba	silbâ
silki	silkke
silli	sillee
sirpe	sirppi
sisbuvssat	uccpuvssiih
sisbáidi	siskelpäiđi
sivva	suijâ
siŋka	siŋkkâ
skearru	tuálbus
skeaŋka	lähji
skibir	kyei'mi
skibir	kyeimi
skibir	skippáár
skierku	skiär'kku
skierri	skier'ri
skierri	skierri
skierru	skiär'ru
skierru	skiärru
skieryt	jorreeh
skievttár	tuhlár
skihpáraš	veerdižeh
skilleduorastat	skillâtuo'râstâh
skilleduorastat	skillâtuorâstâh
skire	lädikuáv'ská
skire	lädikuávská
skoalta	nuor'ttâlâš
skoalta	nuorttâlâš
skoarra	kuulnâs
skorpiovdna	skorpion
skovvi	luá'máttâh
skovvi	luámáttâh
skriidna	čukke
skruva	sruuvâ
skuogga	sillee
skuohppu	skuáp'pu
skuohppu	čuppâ
skuohtta	paccâm
skuolfi	oppuu
skuordná	njuál'cci
skuordná	njuálcci
skuvla	škovlâ
skuvlejupmi	škovlim
skábe	skappi
skábma	skammâ
skábmamánnu	skammâmááNu
skáhpi	pihlájâš
skáiti	äskil
skálla	skiillân~skillân
skálla	skoollân
skálžu	skálžu
skárfa	skarfâ
skárrit	skerreeh
skávli	päiski
skáđadivri	pille-ellee
skážas	kyeš'kirčuáimâš
smáhkka	mááhu
smáhkkomuorra	oivârâš
smáiti	räniskaihi
snihkkár	muo'Râčeppi
snihkkár	snikkár~šnikkár
snuhrra	škorijdem
snuiba	koibâ
snuolga	snuol'gâ
snuolga	snuolgâ
snáldu	snäldee
snárki	šnärkki
snárttal	snaartâl
soabahus	heiviittâs
soabahus	puá'ráttâs
soabahus	puáráttâs
soabbi	suáb'bi
soabbi	čuoi'gâmsuáb'bi
soabbi	čuoigâmsuábbi
soadji	suáJá
soadji	suájá
soahki	suáhi
soahti	suáti
soalddát	suáldát~suáldât
soalsi	suál'si
soalsi	suálsi
soddi	puzzânjuolâ
soffá	sohvá
sohka	suuhâ
sohkar	sukkâr
sohti	rimnje
sokta	suptâ
solon	päNiruuggâin
solon	päniruuggâin
sotnabeaivi	paSepeivi
sotnabeaivi	pasepeivi
spanjahas	suáđis
spatni	spaNe
spatni	spane
speajal	speeijâl
speallu	spellâ
spiehkastat	spiekâstâh
spiella	jieLâ
spiella	jielâ
spierru	uái'vádâh
spierru	uáivádâh
spihtálaš	spiitaallâš
spihčá	spižá
spiidni	šahe
spiikkár	spiijkár~spijkkár
spiinnebiergu	šaVepiär'gu
spiinnebiergu	šavepiärgu
spirála	spiiraal
spábba	pállu
spáiddar	tullâräddi
spálli	pusnjâš
spártu	njaMauáiváš
spártu	njamauáiváš
spártu	párttu
spárvabeaŋka	sorvi
statistihkka	loVottâh
statistihkka	lovottâh
steampal	stemppâl
steažžalakkis	tažâlig~täžilig
stellet	steellig
stevvel	steevvil
stielka	solge
stivli	stivlee
stivra	stivrâ
stoagus	sieRâ
stoagus	sierâ
stobe	pur'kki
stohpogálvu	tupekálvu
stohpu	tupe
streaŋga	sraŋgâ
struktuvra	rááhtus
studeanta	paJeuáp'pee
studeanta	pajeuáppee
stuibmi	larmâ
stuollu	stovli
stuorračoavžžu	stuor'râčiävžui
stuorračoavžžu	stuorrâčiävžui
sturrodat	stye'resvuotâ
sturrodat	styeresvuotâ
stáffu	sátku
stággu	vuoggâ
stáhta	staatâ
stáhtaministtar	uái'viminister
stáhtaráđđi	minister
stáhtaráđđi	staatârääđi
stáhtus	sajattâh
stáinnir	stáinâr~stáinár
stálla	talli
stálli	stääLi
stállu	stááLu
stállu	stáálu
stáloboska	stáálupoccee
stálubursa	pođgee
stárrá	ru'škistiäb'bu
stárrá	ruškistiäbbu
stávval	staavvâl
stáđđi	áálááš
submi	summe
suddi	sudde
suddu	suddo
suhkkol	sukkul
suhpi	supe
suhttu	vaje
sundi	kirkveerdi
suohkan	pitejâš
suohkat	suoHâd~suohâd
suohkkobuvssat	sukkápuuvsah
suohkku	sukká
suohpal	luvdá
suohpan	suoppâin
suohpan	suoppâin~suoppânj
suoidnemánnu	syei'nimááNu
suoidnemánnu	syeinimáánu
suoidni	syei'ni
suoivva	suoivâ
suola	suolâ
suolavuohta	suolâvuotâ
suoldni	halla
suoldni	oMo
suoldni	omo
suolu	suálui~suá'loi
suonjar	suonjâr
suonjardeapmi	suonjârdem
suopman	kuáv'lukieLâ
suopman	kuávlukielâ
suorbma	suor'mâ
suordna	saarni
suorgi	syer'gi
suorgi	syergi
suorpmahat	suor'mâhât
suorpmahat	suormâhât
suorpmas	suormâs
suoskangumme	suos'kâmkumi
suovdi	syev'đi
suovdi	syevđi
suovva	suoVâ
suovvi	syei'nilyeVi
suovvi	syeinilyevi
suttoulli	čäciollee
suvddá	sooda
suvri	suvrâ
suvrrus	suuvrâs
symbola	symbol
sábel	saapeel
sáhka	hástu
sáhka	maainâs
sáhka	saahâ
sáhkku	sákku
sáhpal	säpligviermirääSi~-rääsi
sáhpal	säpligviermirääsi
sáhpán	säplig
sáhttu	sáttu
sáhtán	sáttán
sáibu	saibâ
sáidi	säiđi
sákta	säppi
sálaš	saalâs
sálbma	salmâ
sálla	sali
sálti	sältti
sámil	seevŋil
sándil	sendil
sápmi	sämieennâm
sápmi	sämmilâš
sápmi	sääMi
sápmi	säämi
sárdni	särni
sárdnideaddji	särnideijee
sárggis	räiđi
sárri	saarâs
sátku	sátku
sátnegirji	säNikirje
sátnegirji	sänikirje
sátnevájas	säNivaajâs
sátnevájas	sänivaajâs
sátni	sääNi
sátnja	vie'rmisaaŊâ
sátnja	viermisaaŋâ
sátta	vuo'lgâttâs
sátta	vuolgâttâs
sáttagoddi	váldustivrâ
sáttu	vuodâs
sáttu	čunoi
sávaldat	tuoivâ
sávdni	sävni
sáve	šaaVâ
sávza	savzâ
sáŋgár	almaš
tabealla	ta'vlustâh
tabealla	tavlustâh
tableahtta	tablet
tallearka	taldrik
teaipa	ta'rvelastik
teaksta	tekstâ
tealtá	teltta
teknihkkár	teknikkár
televišuvdna	televisio
tema	teema
tempel	temppâl
teologiija	teologia
teret	kepisvahe
tevnnet	sáárgus
teáhterbihttá	čaaitâlm
tiger	tiiger
tiida	tijdâ
toardna	tornâ
toassa	rasijâš
toga	juNá
toga	juná
truvdnu	väldičokkámsaJe
tráktor	traktor
táhpa	táppu
táksi	taksi
tákta	tahtâ
tálga	vuoJâ
távval	tavlu
uddu	uddo
udjuvuohta	uinevuotâ
uksa	uksâ
uksabiellu	uksâkiäl'lu
uksabiellu	uksâkiällu
uksageavja	peeljâs
ulbmil	ulme
ulda	kooniš
ullobáidi	tikkur
ullu	ullo
universitehta	ollâopâttâh
unnitlohkogiella	ucceebloVokieLâ
unnitlohkogiella	ucceeblovokielâ
unnitlohku	ucceebloho
upmisámegiella	umesämikieLâ
upmolcizáš	sávjáduvvâš
urbi	urbe
uskealla	riggeerim
ustitvuohta	ustevvuotâ
uvdna	hellá
uvdna	uvnâ
uvdnu	sieđ'gâurbe
uvdnu	sieđgâurbe
uvlu	miä'đušijn~miä'đošijn
uđas	muo'tâvierrâm
uđas	muotâvierrâm
vahkku	okko
vahát	vaahâg
vajahas	časkastuh
valuhtta	vaaluut
valáštallan	valastâllâm
varis	ores
varit	urkko
variábel	muttojeijee
varra	vorrâ
varris	ores
vašolaš	vajalâš
veahka	viehâ
veahkaváldi	vie'hâväldi
veahkaváldi	viehâväldi
veahkkeneavvu	išeniävvu
veahkkeruhta	išeruttâ
veahkki	iše
veahkki	išedeijee
veahkkáivuohta	iššáávuotâ
veahčir	veeččir
veaidni	váddu
veaigi	veigi
veaja	vye'stitiäd'du
veaja	vyestitiäddu
veaksi	vepsi
veakta	leeibâšk
vealgi	velgi
veardádus	viärdádâs
vearju	viär'ju
vearri	feilâ
vearrodahkki	rikolâš
vearru	viäRu
vearru	viäru
vejolašvuohta	má'hđulâšvuotâ
verrát	verájâš
viehkat	viek'kimpiergâs
viehkki	kač'čee
viellja	viljâ
vielljavuohta	viljâvuotâ
vielppis	vielpis
vierca	vier'ccâ
vierca	vierccâ
viessohoiddár	tááLualmai
viessoláigu	láigu
viessosadji	tontti
viessu	tááLu
vievssis	veepsis
viggamuš	viggâmuš
vihtan	tuo'đâšteijee~tuo'đâštijjee
viidni	viini
viidni	vijne
viidodat	vijdodâh
viisodat	vi'jsesvuotâ
viisodat	vijsesvuotâ
viivu	jieštáRánem
vilgesoairássi	ullorääSi~-rääsi
vilgesoairássi	ullorääsi
vintán	vyev'diloddááš
vintán	vyevdiloddááš
virgeolmmoš	virgealmai
virgeolmmoš	virgeolmooš
virgi	virge
virus	virus
visti	aassâmviäSu
visti	rakânâs
vivva	ristalge
vivvabealle	vivvâ
viđadas	viđâdâs
vovdna	vávnu
vuhpon	vuáv'dáá
vuhpon	vuávdáá
vuoddji	vuo'jâdeijee
vuoddji	vuojâdeijee
vuoddji	vyei'jee
vuoddji	vyeijee
vuodjaláibi	vuo'Jâleibi
vuodjaláibi	vuojâleibi
vuodjin	sáttu
vuodjinkoarta	vyeijimkorttâ
vuodjinlohpi	vyeijimlope
vuogga	vuog'gâ
vuogga	vuoggâ
vuogádat	vuá'hádâh
vuogádat	vuáhádâh
vuohki	tääpi
vuohppa	vuop'pâ
vuoibmi	vuá'imálâšvuotâ
vuoiddadus	vuoidâm
vuoiddas	vuoidâs
vuoigatvuohta	vuoi'gâdvuotâ
vuoigatvuohta	vuoigâdvuotâ
vuoigŋašat	vuoi'ŋâšeh
vuoiti	vyeit'tee
vuoiti	vyeittee
vuoitu	pá'lhášuMe
vuoitu	vuái'ttu
vuoitu	vuáittu
vuoivvas	vuoivâs
vuoivvasoažži	vuo'ivâsnjárččá
vuojaš	vuonjâš
vuokta	vuop'tâ
vuoktafiehta	uccâviet'tuš
vuoktafiehta	uccâviettuš
vuoktagoalsi	kuál'si
vuoktačuohppi	vuop'tâčeppi
vuoktačuohppi	vuoptâčeppi
vuola	vuoLâ
vuolahas	smákku
vuolgga	vuál'gámuš
vuolildas	laainâs
vuolláibáza	vuáLápáácu
vuolláibáza	vuálápáácu
vuolábealli	vyelipeeli
vuoládus	vuá'ládâs
vuonccis	kääNi
vuonccis	kääni
vuoncáfálli	jier'ssee
vuoncáfálli	jierssee
vuoncávarris	kääniores
vuoni	vye'ne
vuonjal	vuonjâl
vuorbi	kolgâmuš
vuorbi	vyer'bi
vuorbi	vyerbi
vuorbádus	vuár'bum
vuorbádus	vuárbum
vuordin	maŋedem
vuordámuš	vuordâ
vuorká	tiätuvuárkká
vuorká	vuár'kká
vuorká	vuárkká
vuorru	vuáRu
vuorru	vuáru
vuoskku	vuásku
vuossu	vuás'soo
vuossu	vuássoo
vuossárga	vuossargâ
vuosteháhku	vuás'tálistem
vuosteháhku	vuástálistem
vuostá	vuás'tá
vuostá	vuástá
vuostáiváldin	vuástáväldim
vuotna	vuoNâ
vuotna	vuonâ
vuovdi	vyeb'dee
vuovdi	vyebdee
vuovdin	vuáb'du
vuovdin	vuábdu
vuovssanas	vuok'snjâš
vuovssanas	vuoksnjâš
vuovssanasdávda	vyek'simtavdâ
vuovssanasdávda	vyeksimtavdâ
vuožži	kaaljâ
vuođđoláhka	vuá'Đulaahâ
vuođđoláhka	vuáđulaahâ
vuođđoskuvla	vuá'Đuškovlâ
vuođđoskuvla	vuáđuškovlâ
vuođđu	vuáĐu
vuođđu	vuáđudâs
vuođđudus	siäđus
váccáhat	vázáttâh
váhkar	nuorâmus
váhpi	šoddâdemčääci
váibmosuotna	váimusuoNâ
váibmosuotna	váimusuonâ
váibmu	váimu
váidda	sujâttâs
váidda	vaidâlus
váikkuhus	va'ikuttâs
váikkuhus	vaikuttâs
váivi	väivi
váksi	vyep'si
vákta	vahtâ
válbor	válbur
váldodoaimmaheaddji	uái'vito'imâtteijee
váldokantuvra	váldukonttur
váldoášši	válduäšši
váldočálli	uái'vičällee
válga	suárváš
válga	vaaljah
válli	vyernis
válljen	valjim
válsa	valssâ
vánddardeaddji	kolgolâš
váran	vađukkâš
váravárpá	kuorgâtooŋâs
várjalus	varjâlus
várjjagaš	varjâgâš
várka	poovčâs
várrehus	váruttâs
várri	vaaRâ
várri	vääRi
vársá	vársá
vástádus	vástádâs
vásáhus	feerim
váttisvuohta	čuol'mâ
váttisvuohta	čuolmâ
vázzi	väzzee
vázzin	väzzim
vázzingeaidnu	jotteemkiäi'nu
vázzingeaidnu	jotteemkiäinu
váđot	mie'tâmyer'ji
váđot	mietâmyerji
áddejupmi	ibárdâs
áddjá	äijih
áddjá	äčivâš
ágga	addâgâsân~addâgâs
áhkalakkis	hai
áhkkilsámegiella	äkkilsämikieLâ
áhkkilsámegiella	äkkilsämikielâ
áhkku	ákku
áhkká	kálgu
áhpedovtta	merâtuhtuu
áhppa	apina
áhčešeatni	njiviččenkálgu
áhčči	eeči
áibmi	šordeäimi
áican	huámmášume
áiccan	aistin
áiddis	ääiđis
áidi	äiđi
áigejorggáldat	ääigijo'rgáldâh
áigejorggáldat	ääigijorgáldâh
áigelohku	äigiloho
áigečála	äigipaJelostâ
áigečála	äigipajelostâ
áigga	aaigâ
áiggegollu	ääigikoLo
áiggeádji	puđâldâs
áigi	äigi
áigodat	paJe
áigodat	paje
áigodat	äigipaje
áigumuš	táttu
áirras	ovdâsteijee
áiru	áiru
áiti	äitti
áitta	uhke
ájanas	äigiájánâs
ájasámil	njuoRâ
ájáhus	ääJi
ájáhus	ääji
ákkilveaksi	ovdâvepsi
ákta	čájáttâs
ákšu	ákšu
álbmot	aalmug
álbmotjienasteapmi	aalmugjienâstem
álbmotlašvuohta	aalmuglâšvuotâ
álbmotmeahcci	aalmuglâšmecci
álbmotriekti	aalmugvuoi'gâdvuotâ
álbmotriekti	aalmugvuoigâdvuotâ
álbmotskuvla	aalmugškovlâ
álddagas	kooskâš
álddis	ääldis
áldu	áldu
álgga	aalgâ
álggahus	a'lgâttâs
álggahus	algâttâs
álggahus	laiđiittâs
álgoálbmot	algâaalmug
álgoávnnas	algâaamnâs
álgu	algâ
álkivuohta	älkkeevuotâ
állan	älni
állat	njuuvčuálpáš
áltár	alttar~álttár
álvi	áhju
ámmát	áámmát
ánuheaddji	ánnoo
áppes	aabis
áppet	apháš
áppet	apháš~aphâš
árbbolaš	á'rbálâš
árbbolaš	árbálâš
árbediehtu	ärbitiätu
árbejeaddji	ärbejeijee
árbejeaddji	ärbejeijee~ärbejijjee
árbevierru	ärbivyehi
árbi	ärbi
árbmu	ármu
árbmugasvuohta	ármugâsvuotâ
árga	argâ
árggan	ä'rgisiištâ
árggan	ärgisiištâ
árka	arkkâ
árran	aarrân
árvalus	árvu
árvosátni	árvusääNi
árvosátni	árvusääni
árvu	árvu
árvvoštallan	juurdâpuáđus
árvvoštallan	á'rvuštâllâm
árvvoštallan	árvuštâllâm
árvádus	iä'rvádâs
árvádus	iärvádâs
ásahus	asâttâs
ásahus	lágádâs
ásahus	lágádâs~lájádâs
ásahus	oornig
ásen	aasi
ávdugasvuohta	avdâgâsvuotâ
ávju	teeri
ávki	hiätu
ávki	o'vdâdâs
ávnnas	aamnâs
ávssis	aksel
ávvudeapmi	juhle
ávžžuhus	aavžâ
áŧestus	atâštâs
áŧestus	atâštâs~atâštus
áššebábir	äššipáppár
áššedovdi	äššitobdee
áššelistu	äššilisto
ášši	ässee
ášši	äšši
áššu	áššu
šaddu	heeđâlm
šaddu	rääSi~rääsi
čakča	čohčâ
čakčageassi	čohčâkeeSi
čakčageassi	čohčâkeesi
čakčamánnu	čohčâmááNu
čakčamánnu	čohčâmáánu
čalbmeguolga	čalmeroomâs
čalbmeláset	čalmelaasah
čalbmi	jivečalme
čalbmi	čalme
šaldi	šalde
čanus	čoonâs
čarkkus	spabbâlâš
šattalmas	šodâlmâs
čađaheapmi	čođâldâs
čeabet	čeve
čeabetliidni	lijne
čeabetliidni	čevelijne
čeabetnávdi	čevenävdi
čeahppivuohta	čeppivuotâ
čearda	šlaaJâ
čeargga	čeergâ
čearggas	paargâs
čearpmahat	čiermihât
čearret	čierrih
čearrit	čierrih
čeavrris	čeevris
čeŋkkeš	čeelhišm~čeelhišn
šibit	päikkiellee
šibitdoavttir	elleituáh'tár
šibitdoavttir	elleituáhtár
šibitdállu	šiiveettááLu
šibitdállu	šiiveettáálu
čiegusvuohta	sye'Ligâsvuotâ
čiegusvuohta	syeligâsvuotâ
čiehka	čiehâ
šiehtadus	sopâmuš
šiehtadus	sopâmuš~sopâmâš
čiekka	čiegâ
šielbmá	koozâš
čielggus	ordâ
čielkkis	čiellâh
čieran	muo'tâlyev'di
čieran	muotâlyevdi
čieras	čierri
čihkalas	čikâlâs
čiksa	čikšâ
čikŋa	čiŋŋâ
čilgehus	čiel'giittâs
šillju	šiljo
šilta	kolbâ
šimir	šomer
širrá	puŋkki
širrá	sahe
čivga	vielpis
šleaŋgu	lippo
šleađđu	tuo'lbâdâs
šleađđu	tuolbâdâs
šliipá	tákku
šloahtta	lanne
šlubbu	šlubbo
šluŋki	luŋkke
šláttar	šlaadâr
šláva	uár'ji
šláva	uárji
šnjoarra	šaarrân~šarrân
čoahkkebáiki	čuák'kipäikki
čoahkkebáiki	čuákkipäikki
čoahkkin	čuák'kim
čoahkkin	čuákkim
čoahkkáigeassu	čuákánkiäSu
čoahkkáigeassu	čuákánkiäsu
čoakkáldat	nurâldâh
čoalli	čuáLi
čoalli	čuáli
šoaláhat	šuá'láttâh~šuá'láttoh~šuá'láttuh
čoarvebaste	čuár'vipastem
čoarvebaste	čuárvipastem
čoarvenjunni	čuár'vinjuNe
čoarvi	čuár'vi
čoavdda	čoovdâ
čoavddus	čuávdus
čoavjebávččas	čuáv'jipuálttâs
čoavjebávččas	čuávjipuálttâs
čoavjedávda	čuáv'jitavdâ
čoavjedávda	čuávjitavdâ
čoavji	maavâ
čoavji	čuáv'ji
čoavji	čuávji
čoavžžu	čiävžui
čoađgi	čuáđ'gi
čoađgi	čuáđgi
čohkun	čohhoom
čolga	čulgâ
čora	puá'issijdâ
čorbma	čurmâ
čorgejeaddji	čorgejeijee
čotta	kurkkâ
čovdojupmi	lopâttâs
šuddi	viiđgâs
čujuhus	čujos
čujuhus	čujottâs
čuogus	čuohâmâš
šuohkanas	šuá'hkádâs
čuohpadus	čuopâdâs
čuohtejahki	čyeti-ihe
čuoibmi	čyei'mi
čuoigan	čuoi'gâm
čuoigan	čuoi'gâmkišto
čuoigan	čuoigâm
čuoigan	čuoigâmkišto
čuoigi	čyei'gee
čuoika	čuoš'kâ
čuoika	čuoškâ
čuojanas	čuájáán
čuokkis	čuá'gástuh
šuokŋa	nuot'tâ
šuokŋa	nuottâ
čuolbma	čuol'mâ
čuolbma	čuolmâ
čuonan	čuođâlm
čuonjá	čuá'njá
čuonjá	čuánjá
čuorpmas	čuormâs
čuorvvas	čuárvus
čuovga	čuoVâ
čuovga	čuovâ
čuovgadas	ki'rkesvuotâ
čuovgagovva	čuoVâkoVe
čuovgagovva	čuovâkove
čuovggahisvuohta	ča'lmettesvuotâ
čuovvu	čuáv'voo
čuovvumuš	čuávumuš
čuovža	šapšâ
čuozáhat	čuo'sâttâh
čuozáhat	čuosâttâh
čuoččuhus	náágus
čuru	kiär'páš
čuru	kiärpáš
čurvestat	čuor'viistâh
čurvestat	čuorviistâh
čuvdi	čuijooh
čuvla	haamit
čuvla	vuál'ppu
čuvla	vuálppu
šuvva	šuuđđân
čábbodat	muččâdvuotâ
čáhceloddi	viet'tuu
čáhceloddi	viettuu
čáhcerávga	vuáŋ'ŋáš
čáhcerávga	vuáŋŋáš
čáhci	čääci
čáhppesmuorji	vuo'râččâsmyer'ji
čájáhus	oovdânpyehtim
čájáhus	čá'itáldâh
čájáhus	čáittu
čájáhus	čáitálmâs
čájánas	čááitus
čála	čaalâ
čálgu	pyereestvaijeem
čálli	kirječällee
čálli	čällee
čállin	čäällim
čállinvuohki	čäällimvyehi
šállo	šaaLi
čálus	hammiittâs
čálus	kirjálâš
čálus	čáálus
čáppagirjjálašvuohta	čaabâki'rjálâšvuotâ
čáppagirjjálašvuohta	čaabâkirjálâšvuotâ
čárvá	rámmá
čárvá	toppim
čátná	suá'hikuobâr
čátná	suáhikuobâr
čáza	vety
čázádat	čácáduh
