agibeai-:avepiäiválâš	agibeai-	
álgo-:algâ-	álgo-	
vearjo-:viärjulâš	vearjo-	
ruovtto-:ruáptu-	ruovtto-	 <l pos="A">ruovtto-</l>
čuoččo-:čuožâ-	čuoččo-	
beaivvádat-:piäiváá	beaivvádat-	
dahku-:rahtum	dahku-	
loitontaa:mečidiđ	loitontaa	
kuuluttaa:kulluuttiđ	kuuluttaa	
guohca:havrâ-	guohca	 <l pos="A">guohca</l>
čuvdda:šliämu	čuvdda	 <l pos="A">čuvdda</l>
bidjat_veadjaga:täsitiäduttiđ	bidjat_veadjaga	
dađistaga:kuuloold	dađistaga	 <l pos="Adv">dađistaga</l>
šiega:nánnáá	šiega	 <l pos="A">šiega</l>
šiega:siivvâd	šiega	 <l pos="A">šiega</l>
friddja:rijjâ	friddja	 <l pos="A">friddja</l>
friddja:rijjâ	friddja	 <l pos="A">friddja</l>
eaika:tammi	eaika	
gonagasriika:kunâgâskodde	gonagasriika	
vakka:kijssá	vakka	
dohkka:teelaak	dohkka	
gaskka:koskân	gaskka	 <l pos="Adv">gaskka</l>
purka:porge	purka	
ala:oolâ	ala	 <l pos="Adv">ala</l>
rantamatala:fiärvá	rantamatala	
inhabiila:iästulâš	inhabiila	
jalla:jollâ	jalla	 <l pos="A">jalla</l>
jalla:káigáá	jalla	 <l pos="A">jalla</l>
kuoleskella:jamâdiđ	kuoleskella	
nášuvnnalávlla:aalmuglâšlaavlâ	nášuvnnalávlla	
vokála:vookaal	vokála	
kardinála:kardinaal	kardinála	
liberála:rijjâmielâlâš	liberála	 <l pos="A">liberála</l>
albma:olmâ	albma	 <l pos="A">albma</l>
seamma:siämmáš	seamma	 <l pos="Adv">seamma</l>
áidna:áinoo	áidna	 <l pos="A">áidna</l>
čuovgatoardna:čuovâtornâ	čuovgatoardna	
fenomena:almoon	fenomena	
kuonna:kuonâ	kuonna	 <l pos="A">kuonna</l>
mearragiera:merâtääsi	mearragiera	
váldomearra:váldumeerâ	váldomearra	
birra:pirrâ	birra	 <l pos="Po">birra</l>
birra:pirrâluvâi	birra	 <l pos="Po">birra</l>
birra:pirrâluvâi	birra	 <l pos="Po">birra</l>
nuorra:nuorâ	nuorra	 <l pos="A">nuorra</l>
várra:vissâ	várra	 <l pos="Adv">várra</l>
masa:kuus	masa	 <l pos="Adv">masa</l>
sisa:siisâ	sisa	 <l pos="Adv">sisa</l>
sisa:siisâ	sisa	 <l pos="Adv">sisa</l>
ortodoksa:ortodoksilâš	ortodoksa	 <l pos="A">ortodoksa</l>
gosa:kuus	gosa	 <l pos="Adv">gosa</l>
gosa:kuus	gosa	 <l pos="Adv">gosa</l>
molssa:molsom	molssa	
kierossa:ponjen	kierossa	
jata:joddee	jata	
konkrehta:konkreetlâš	konkrehta	 <l pos="A">konkrehta</l>
gomuvuohta:komovuotâ	gomuvuohta	
absoluhta:absoluutlâš	absoluhta	
priváhta:ovtâskâs	priváhta	 <l pos="A">priváhta</l>
geaidnolakta:lohtâ	geaidnolakta	
abstrákta:abstraktâ	abstrákta	 <l pos="A">abstrákta</l>
šlánta:šlantti	šlánta	
satakerta:čeksâ	satakerta	
mista:vahâgist	mista	 <l pos="Adv">mista</l>
komponista:nyettejeijee	komponista	
obersta:eeveerst	obersta	
fásta:staađâ	fásta	 <l pos="A">fásta</l>
ruutimitta:mottâ	ruutimitta	
hertta:herttâ	hertta	
madaltua:cuáhuđ	madaltua	
poava:paavi	poava	
vaikuttava:hormiš	vaikuttava	
progressiiva:ovdánemmielâlâš	progressiiva	
negatiiva:negatiivlâš	negatiiva	 <l pos="A">negatiiva</l>
arméa:suátiviehâ	arméa	
bahča:poččâ	bahča	 <l pos="A">bahča</l>
bahča:poččâ	bahča	 <l pos="A">bahča</l>
čađa:čoođâ	čađa	 <l pos="Po">čađa</l>
oránša:ooraans	oránša	 <l pos="A">oránša</l>
gaskkohagaid:koskâttuvâi	gaskkohagaid	 <l pos="Adv">gaskkohagaid</l>
gaskkohagaid:koskâttuvâi	gaskkohagaid	 <l pos="Adv">gaskkohagaid</l>
nago..._de:väri	nago..._de	
kaide:kaithâš	kaide	
olggobealde:ulguubeln	olggobealde	 <l pos="Adv">olggobealde</l>
bajábealde:paajaabeln	bajábealde	 <l pos="Po">bajábealde</l>
leat_miela_mielde:mielâstuttiđ	leat_miela_mielde	
vuolde:vyeleeld	vuolde	 <l pos="Po">vuolde</l>
ollege:ollágin	ollege	 <l pos="Adv">ollege</l>
ollege:ollágin	ollege	 <l pos="Adv">ollege</l>
ollege:ollágin	ollege	 <l pos="Adv">ollege</l>
giige:kihheen	giige	 <l pos="Pron" type="Indef">giige</l>
dálge:tääl-uv	dálge	 <l pos="Adv">dálge</l>
goasge:ain	goasge	
dieđusge:tiäđust-uv	dieđusge	 <l pos="Adv">dieđusge</l>
goabbáge:kuábbáš-uv	goabbáge	 <l pos="Pron" type="Indef">goabbáge</l>
nie:tienuuvt	nie	 <l pos="Adv">nie</l>
nie:tienuuvt	nie	 <l pos="Adv">nie</l>
juoga_saje:kostnii	juoga_saje	
sihke:sehe	sihke	 <l pos="Adv">sihke</l>
sihke:sehe	sihke	 <l pos="Adv">sihke</l>
ale:ele	ale	 <l pos="V">ale</l>
váile:vááijuv	váile	 <l pos="Adv">váile</l>
galle:kalle	galle	 <l pos="Adv">galle</l>
oalle:melgâd	oalle	 <l pos="Adv">oalle</l>
skolle:skool	skolle	 <l pos="Interj">skolle</l>
sogaheapme:suvâttem??lasânem	sogaheapme	 <l pos="A">sogaheapme</l>
sojaheapme:koodâs	sojaheapme	 <l pos="A">sojaheapme</l>
hálaheapme:sárnuttem	hálaheapme	 <l pos="A">hálaheapme</l>
doaimmaheapme:tyejettem	doaimmaheapme	 <l pos="A">doaimmaheapme</l>
muoraheapme:muorâttem	muoraheapme	 <l pos="A">muoraheapme</l>
stivrraheapme:jiešpiäiválâš	stivrraheapme	 <l pos="A">stivrraheapme</l>
báraheapme:parâpeeli	báraheapme	 <l pos="A">báraheapme</l>
deasttaheapme:vuovnâlâš	deasttaheapme	 <l pos="A">deasttaheapme</l>
duđaheapme:tutâmettum	duđaheapme	 <l pos="A">duđaheapme</l>
buoiddeheapme:uccáávuoijii	buoiddeheapme	 <l pos="A">buoiddeheapme</l>
vealggeheapme:velgittem	vealggeheapme	 <l pos="A">vealggeheapme</l>
juolggeheapme:jyelgittem	juolggeheapme	 <l pos="A">juolggeheapme</l>
soajeheapme:suájáttem	soajeheapme	 <l pos="A">soajeheapme</l>
soajeheapme:suájáttem	soajeheapme	 <l pos="A">soajeheapme</l>
jierpmeheapme:jiermittem	jierpmeheapme	 <l pos="A">jierpmeheapme</l>
ivnneheapme:ivnettem	ivnneheapme	 <l pos="A">ivnneheapme</l>
eatneheapme:enittem	eatneheapme	 <l pos="A">eatneheapme</l>
váreheapme:värittem	váreheapme	 <l pos="A">váreheapme</l>
lobiheapme:lavâttem	lobiheapme	 <l pos="A">lobiheapme</l>
agiheapme:avettem	agiheapme	
jođiheapme:sappeed	jođiheapme	 <l pos="A">jođiheapme</l>
heaboheapme:heeppâdlâš	heaboheapme	 <l pos="A">heaboheapme</l>
fámoheapme:heeitug	fámoheapme	 <l pos="x">fámoheapme</l>
mášoheapme:liävuttem	mášoheapme	 <l pos="A">mášoheapme</l>
nagirheapme:naverttem	nagirheapme	 <l pos="A">nagirheapme</l>
veajuheapme:illávaje	veajuheapme	 <l pos="A">veajuheapme</l>
vearuheapme:viäruttem	vearuheapme	 <l pos="A">vearuheapme</l>
doaivvuheapme:tuáivuttem	doaivvuheapme	 <l pos="A">doaivvuheapme</l>
dorvvuheapme:torvottem	dorvvuheapme	 <l pos="A">dorvvuheapme</l>
dorvvuheapme:šlunde	dorvvuheapme	 <l pos="A">dorvvuheapme</l>
mánáheapme:pärnittem	mánáheapme	 <l pos="A">mánáheapme</l>
odne:onne	odne	 <l pos="Adv">odne</l>
nu_ahte:mottoomnáál	nu_ahte	
dihte:keežild	dihte	 <l pos="Po">dihte</l>
ikte:jieht	ikte	 <l pos="Adv">ikte</l>
bokte:peht	bokte	 <l pos="Adv">bokte</l>
siste:siste	siste	 <l pos="Adv">siste</l>
siste:siste	siste	 <l pos="Adv">siste</l>
datte:nuuvttii	datte	 <l pos="A">datte</l>
hárve:harvii	hárve	 <l pos="Adv">hárve</l>
beallai:pel	beallai	 <l pos="Po">beallai</l>
vuollai:vyelnivuotâ	vuollai	 <l pos="Po">vuollai</l>
hálbi:hälbi	hálbi	 <l pos="A">hálbi</l>
buohcci:pyeccee	buohcci	 <l pos="A" type="NomAg">buohcci</l>
addi:adelâš	addi	 <l pos="A">addi</l>
eanangoddi:eennâmkodde	eanangoddi	
beaivvášgoddi:piäiváškodde	beaivvášgoddi	
áibmogeardi:áimukerdi	áibmogeardi	
šaddogárdi:muorâkärdi	šaddogárdi	
hei:o	hei	 <l pos="Interj">hei</l>
dáigi:täigi	dáigi	 <l pos="A">dáigi</l>
geađgeáigi:keđgiäigi	geađgeáigi	
golgi:voohâd	golgi	 <l pos="A">golgi</l>
čiehččalogi:čiččâmlov	čiehččalogi	 <l pos="Num">čiehččalogi</l>
gákcilogi:kähcilov	gákcilogi	 <l pos="Num">gákcilogi</l>
ruuhi:kárccu	ruuhi	
ii:ij	ii	 <l pos="V">ii</l>
tiidii:passaa	tiidii	 <l pos="A">tiidii</l>
gaskii:kyevtkooskân	gaskii	 <l pos="Po">gaskii</l>
ovdalii:ovdeláá	ovdalii	 <l pos="Adv">ovdalii</l>
sullii:suulân	sullii	 <l pos="Adv">sullii</l>
birrasii:suulâst	birrasii	 <l pos="Adv">birrasii</l>
oidnosii:uáinusân	oidnosii	 <l pos="Adv">oidnosii</l>
ándagassii:addâgâs	ándagassii	 <l pos="Adv">ándagassii</l>
čatnagassii:čonâsân	čatnagassii	 <l pos="Adv">čatnagassii</l>
ihcalassii:jiečânis	ihcalassii	 <l pos="Adv">ihcalassii</l>
namalassii:nomâlâs	namalassii	 <l pos="Adv">namalassii</l>
oktii:oohtân	oktii	 <l pos="Adv">oktii</l>
oktii:oohtân	oktii	 <l pos="Adv">oktii</l>
oktii:oohtân	oktii	 <l pos="Adv">oktii</l>
suddat_oktii:suddâluđ	suddat_oktii	
guktii:kuohtii	guktii	 <l pos="Adv">guktii</l>
álgojahki:álguihe	álgojahki	
láiki:läški	láiki	 <l pos="A">láiki</l>
hearki:herkki	hearki	 <l pos="A">hearki</l>
oassebealli:uásipeeli	oassebealli	
luonddusealli:luánduvárásâš	luonddusealli	
silli:sillee	silli	 <l pos="A">silli</l>
suoli:syele	suoli	 <l pos="Adv">suoli</l>
vuoli:vyele	vuoli	
doaibmi:aktijvâlâš	doaibmi	 <l pos="A">doaibmi</l>
áigeguoibmi:áigálâš	áigeguoibmi	
julbmi:julme	julbmi	
loimi:čuožâ	loimi	
turvekammi:lavnjekuáti	turvekammi	
ráhkadeapmi:valmâštâs	ráhkadeapmi	
vihaheapmi:vihkâm	vihaheapmi	 <l pos="A">vihaheapmi</l>
láhkaásaheapmi:lahâasâttem	láhkaásaheapmi	
dáistaleapmi:tuáru	dáistaleapmi	
loktaneapmi:čimmâ	loktaneapmi	
hilbošeapmi:pile	hilbošeapmi	
menestupmi:miänástus	menestupmi	
vadni:vannee	vadni	 <l pos="A">vadni</l>
čadni:čannee	čadni	 <l pos="A">čadni</l>
hoi:ai	hoi	 <l pos="Interj">hoi</l>
sáttoáhpi:ääpi	sáttoáhpi	
čeahppi:ápálâš	čeahppi	 <l pos="A">čeahppi</l>
gávpotoassi:kaavpuguási	gávpotoassi	
pesti:pesti	pesti	
sisti:šišne	sisti	 <l pos="Adv">sisti</l>
áddehahtti:addiittijjee	áddehahtti	 <l pos="A">áddehahtti</l>
jáhkehahtti:oskottettee	jáhkehahtti	 <l pos="A">jáhkehahtti</l>
jáhkehahtti:ušom	jáhkehahtti	 <l pos="A">jáhkehahtti</l>
eahpejáhkehahtti:epioskottettee	eahpejáhkehahtti	
beroštahtti:kiäsutteijee	beroštahtti	 <l pos="A">beroštahtti</l>
mearkkašahtti:vuámášittee	mearkkašahtti	 <l pos="A">mearkkašahtti</l>
valtti:velttâ	valtti	
uddui:udduu	uddui	 <l pos="A">uddui</l>
háldui:haaldun	háldui	
gohččui:kieppii	gohččui	 <l pos="A">gohččui</l>
váivi:váiváá	váivi	 <l pos="A">váivi</l>
fitnodatsearvi:seervâs	fitnodatsearvi	
šiervi:šiervi	šiervi	 <l pos="A">šiervi</l>
agibeaivvi:avepajalâš	agibeaivvi	
ođasmuvvi:uđâsmuvvee	ođasmuvvi	 <l pos="A">ođasmuvvi</l>
ruobbái:ruábbáá	ruobbái	 <l pos="A">ruobbái</l>
oahccái:uáccáá	oahccái	 <l pos="A">oahccái</l>
čáhccái:čäcijeggi	čáhccái	 <l pos="A">čáhccái</l>
jeaggái:jiäggáá	jeaggái	 <l pos="A">jeaggái</l>
roggái:roggáá	roggái	 <l pos="A">roggái</l>
oažžut_áigái:uážžuđ	oažžut_áigái	
geađgái:kiäđgáá	geađgái	 <l pos="A">geađgái</l>
bidjat_sadjái:stelliđ	bidjat_sadjái	
girjái:kirjáá	girjái	 <l pos="A">girjái</l>
uvjái:uvjâlágán	uvjái	 <l pos="A">uvjái</l>
guoikái:kuoškii	guoikái	
mohkkái:váádduh	mohkkái	
luohkkái:luákkáá	luohkkái	 <l pos="A">luohkkái</l>
hutkái:utkáá	hutkái	 <l pos="A">hutkái</l>
spállái:rossii	spállái	 <l pos="A">spállái</l>
čeavlái:ollâmielâg	čeavlái	 <l pos="A">čeavlái</l>
njivlái:njivláá	njivlái	 <l pos="A">njivlái</l>
dieđaolmmái:tiettee	dieđaolmmái	
riikkabeaiveolmmái:aalmugovdâsteijee	riikkabeaiveolmmái	
soagŋoolmmái:kuáščuárvi	soagŋoolmmái	
soagŋoolmmái:kuáščuárvi	soagŋoolmmái	
suoldnái:suálnum	suoldnái	 <l pos="A">suoldnái</l>
ivdnái:ivnáá	ivdnái	 <l pos="A">ivdnái</l>
moarrái:kiijves	moarrái	
varrái:vorrii	varrái	
várrái:várálâš	várrái	 <l pos="A">várrái</l>
ruhttái:ruttii	ruhttái	 <l pos="A">ruhttái</l>
hearvái:hiärváá	hearvái	 <l pos="A">hearvái</l>
hearvái:hiärváá	hearvái	 <l pos="A">hearvái</l>
čižžái:raddaa	čižžái	 <l pos="A">čižžái</l>
vuostegeahči:vyestikeeči	vuostegeahči	
álgogeahči:algâpeeli	álgogeahči	
duođi:tuogu	duođi	 <l pos="Adv">duođi</l>
veagal:viehârâš	veagal	 <l pos="Adv">veagal</l>
julggal:julgâlávt	julggal	 <l pos="Adv">julggal</l>
meaddel:lappâd	meaddel	 <l pos="Po">meaddel</l>
rievdil:muttojeijee	rievdil	
áigeguovdil:äigikyevdil	áigeguovdil	 <l pos="A">áigeguovdil</l>
staigil:sijvuu	staigil	 <l pos="A">staigil</l>
bajil:pajalist	bajil	 <l pos="Adv">bajil</l>
oavnnjil:uávŋild	oavnnjil	 <l pos="Adv">oavnnjil</l>
veahkil:vievâst	veahkil	 <l pos="A">veahkil</l>
dárkil:tärkki	dárkil	 <l pos="A">dárkil</l>
váibmil:väimil	váibmil	 <l pos="A">váibmil</l>
oahppil:mátulâš	oahppil	 <l pos="A">oahppil</l>
hirril:hárráht	hirril	 <l pos="Adv">hirril</l>
báitil:čuovvâl	báitil	 <l pos="A">báitil</l>
beaktil:tolmiš	beaktil	 <l pos="A">beaktil</l>
duostil:tyestil	duostil	 <l pos="A">duostil</l>
šiehttil:uces	šiehttil	 <l pos="A">šiehttil</l>
gávvil:skelmâ	gávvil	 <l pos="A">gávvil</l>
bissul:stääđis	bissul	 <l pos="x">bissul</l>
vuođul:vuáđuld	vuođul	 <l pos="Po">vuođul</l>
dál:tääl	dál	 <l pos="Adv">dál</l>
juogalágan:monniilágán	juogalágan	
fiskeslágan:fiskislágán	fiskeslágan	 <l pos="A">fiskeslágan</l>
dahkan:čuvđiimâš	dahkan	
gaskan:pelivaalmâš	gaskan	 <l pos="Adv">gaskan</l>
njáskan:raađhâ	njáskan	
nuonddahallan:šlundevuotâ	nuonddahallan	
bázahallan:ovdánemvádulâš	bázahallan	
mannan:tijmá	mannan	 <l pos="A">mannan</l>
oahppan:hárjánâm	oahppan	 <l pos="A">oahppan</l>
dearvan:tiervân	dearvan	 <l pos="Adv">dearvan</l>
bomben:pommittus	bomben	
vâi	vâi	
pommittem	pommittem	
duohken:tyehin	duohken	 <l pos="Adv">duohken</l>
máhken:viärdásâš	máhken	 <l pos="A">máhken</l>
taimen:kuávžur	taimen	
isoraajainen:ruávjáá	isoraajainen	
epäsäännöllinen:epinjuolgâduslâš	epäsäännöllinen	
huokoinen:syeđđee	huokoinen	
paakkuinen:kahhaannallii	paakkuinen	
olmmošgoddin:morhe	olmmošgoddin	
oarjin:orjâlâšpiegâpeln	oarjin	 <l pos="Adv">oarjin</l>
girkolaščoahkkin:kirholâščuákkim	girkolaščoahkkin	
ihttin:itten	ihttin	 <l pos="Adv">ihttin</l>
davvin:tavepiegâpeln	davvin	 <l pos="Adv">davvin</l>
seavvin:čujottâs	seavvin	
árbejuvvon:árbálâš	árbejuvvon	
olgun:olgon	olgun	 <l pos="Adv">olgun</l>
mun:mun	mun	 <l pos="Pron" type="Pers">mun</l>
russun:russoom	russun	
dovdameahttun:tubdâmettum	dovdameahttun	 <l pos="A">dovdameahttun</l>
lohkameahttun:luhâmettum	lohkameahttun	 <l pos="A">lohkameahttun</l>
fuollameahttun:huolâttem	fuollameahttun	 <l pos="A">fuollameahttun</l>
oahppameahttun:uáiváá	oahppameahttun	 <l pos="A">oahppameahttun</l>
áddemeahttun:ibbeerdmáttum	áddemeahttun	 <l pos="A">áddemeahttun</l>
veadjemeahttun:máhđuttem	veadjemeahttun	 <l pos="A">veadjemeahttun</l>
oaidnemeahttun:uáinimettum	oaidnemeahttun	 <l pos="A">oaidnemeahttun</l>
čatnasmeahttun:čoonnâsmáttum	čatnasmeahttun	 <l pos="A">čatnasmeahttun</l>
dievasmeahttun:epitievâslâš	dievasmeahttun	 <l pos="A">dievasmeahttun</l>
olmmošmeahttun:olmoošmettum	olmmošmeahttun	
guovttegeardán:kyevtkiärdág	guovttegeardán	 <l pos="A">guovttegeardán</l>
nuppelágán:nubemuáđusâš	nuppelágán	 <l pos="A">nuppelágán</l>
jođán:neppir	jođán	 <l pos="A">jođán</l>
menddo:kukken	menddo	 <l pos="Adv">menddo</l>
dasságo:tassaaš	dasságo	
raitio:räiđee	raitio	
kahdeksikko:káávcáš	kahdeksikko	
mo:maht	mo	 <l pos="Adv">mo</l>
suippo:čuuvâs	suippo	
okto:ohtuu	okto	 <l pos="Adv">okto</l>
gusto:kustoo	gusto	 <l pos="Adv">gusto</l>
sihkar:vises	sihkar	 <l pos="A">sihkar</l>
eahpesihkar:epivises	eahpesihkar	 <l pos="A">eahpesihkar</l>
orkeasttar:orkester	orkeasttar	
sneavvar:porottem	sneavvar	 <l pos="A">sneavvar</l>
gudneáŋgir:kunneehäänis	gudneáŋgir	 <l pos="A">gudneáŋgir</l>
iskor:miändu	iskor	 <l pos="Adv">iskor</l>
váibbas:vaaibâs	váibbas	 <l pos="A">váibbas</l>
oadjebas:torvolâš	oadjebas	 <l pos="A">oadjebas</l>
moiddas:illávaje	moiddas	 <l pos="A">moiddas</l>
muolddas:muldáá	muolddas	 <l pos="A">muolddas</l>
bálddas:itoi	bálddas	 <l pos="Adv">bálddas</l>
bálddas:piällást	bálddas	 <l pos="Adv">bálddas</l>
olgguldas:olgoldâs	olgguldas	 <l pos="A">olgguldas</l>
siskkáldas:siskáldâs	siskkáldas	 <l pos="A">siskkáldas</l>
oskkáldas:oskolâš	oskkáldas	
bierffas:hurváá	bierffas	 <l pos="A">bierffas</l>
geatnegas:kenigâs	geatnegas	 <l pos="A">geatnegas</l>
nealggas:niälgáá	nealggas	 <l pos="A">nealggas</l>
čielggas:čielgâs	čielggas	 <l pos="A">čielggas</l>
eahpečielggas:epičielgâs	eahpečielggas	 <l pos="A">eahpečielggas</l>
eahpečielggas:epičielgâs	eahpečielggas	 <l pos="A">eahpečielggas</l>
starggas:sävri	starggas	
rivggas:pehtil	rivggas	 <l pos="A">rivggas</l>
ávdugas:avdâgâs	ávdugas	 <l pos="A">ávdugas</l>
válljugas:válju	válljugas	 <l pos="A">válljugas</l>
várrugas:várugâs	várrugas	 <l pos="A">várrugas</l>
jalahas:jalahâs	jalahas	 <l pos="A">jalahas</l>
njealjehas:neljihâš	njealjehas	
guovnnjas:vuovdân	guovnnjas	 <l pos="A">guovnnjas</l>
snárkkas:šnárkkáá	snárkkas	 <l pos="A">snárkkas</l>
ealas:ellee	ealas	 <l pos="A">ealas</l>
ruossalas:ruossâlâs	ruossalas	 <l pos="A">ruossalas</l>
smiehttalas:smiettâlâs	smiehttalas	 <l pos="A">smiehttalas</l>
čiekčalas:čiehčâlâs	čiekčalas	 <l pos="A">čiekčalas</l>
joavdelas:jyevdilâs	joavdelas	 <l pos="A">joavdelas</l>
dorrolas:tuárulâs	dorrolas	 <l pos="A">dorrolas</l>
riidálas:kaađâš	riidálas	 <l pos="A">riidálas</l>
seahkálas:siähálâs	seahkálas	 <l pos="A">seahkálas</l>
mihtilmas:jiešvuođâlâš	mihtilmas	 <l pos="A">mihtilmas</l>
mihtilmas:jiešvuođâlâš	mihtilmas	 <l pos="A">mihtilmas</l>
áloruonas:ainruonâs	áloruonas	
geahpas:keppis	geahpas	 <l pos="A">geahpas</l>
loahpas:majemustáá	loahpas	 <l pos="Adv">loahpas</l>
varas:voorâs	varas	 <l pos="A">varas</l>
eallinbiras:eellimpiirâs	eallinbiras	
guoras:piällást	guoras	 <l pos="Po">guoras</l>
davrras:jorŋii	davrras	 <l pos="A">davrras</l>
divrras:tiivrâs	divrras	 <l pos="A">divrras</l>
čatnagasas:čonâsist	čatnagasas	 <l pos="Adv">čatnagasas</l>
soalssas:suálssáá	soalssas	 <l pos="A">soalssas</l>
givssas:koopšâs	givssas	
skuittas:skuibe-	skuittas	 <l pos="A">skuittas</l>
nuorttas:nuortâs	nuorttas	 <l pos="Adv">nuorttas</l>
skárttas:skárttáá	skárttas	 <l pos="A">skárttas</l>
mosttas:siävŋus	mosttas	 <l pos="A">mosttas</l>
ráttas:jieŋâkoolmâs	ráttas	 <l pos="A">ráttas</l>
dálvvas:tálváá	dálvvas	 <l pos="A">dálvvas</l>
šlurvvas:nakkanttim	šlurvvas	 <l pos="A">šlurvvas</l>
buozas:pyeccee	buozas	 <l pos="A">buozas</l>
šlinzzas:sile	šlinzzas	 <l pos="A">šlinzzas</l>
skihčas:skuibe-	skihčas	 <l pos="A">skihčas</l>
ođas:uuđâs	ođas	 <l pos="A">ođas</l>
ođas:uuđâs	ođas	 <l pos="A">ođas</l>
duođas:tuođâlâš	duođas	 <l pos="Adv">duođas</l>
jaŋas:iiŋâs	jaŋas	 <l pos="A">jaŋas</l>
saŋas:seŋes	saŋas	 <l pos="A">saŋas</l>
almmuhit_iežas:almottâttâđ	almmuhit_iežas	
sotamies:suátialmai	sotamies	
gulles:peljiš	gulles	 <l pos="A">gulles</l>
čálekeahtes:čälimettum	čálekeahtes	 <l pos="A">čálekeahtes</l>
geažes:keččin	geažes	 <l pos="Po">geažes</l>
oarbbis:uárbis	oarbbis	 <l pos="A">oarbbis</l>
viiddis:viijđes	viiddis	 <l pos="A">viiddis</l>
njálggis:njäälgis	njálggis	 <l pos="A">njálggis</l>
oažžunsajis:ooláádmuddo	oažžunsajis	
báljis:puálčči	báljis	
ráhkis:räähis	ráhkis	 <l pos="A">ráhkis</l>
snoakkis:väänis	snoakkis	 <l pos="A">snoakkis</l>
rikkis:riges	rikkis	 <l pos="A">rikkis</l>
hurskkis:hurskes	hurskkis	 <l pos="A">hurskkis</l>
oamivánhurskkis:vuovnâlâš	oamivánhurskkis	 <l pos="A">oamivánhurskkis</l>
badjelis:pajalist	badjelis	 <l pos="Po">badjelis</l>
lámis:vádulâš	lámis	
morris:mooriš	morris	 <l pos="A">morris</l>
oidnosis:uáinusist	oidnosis	 <l pos="Adv">oidnosis</l>
vissis:tiätu-	vissis	 <l pos="A">vissis</l>
buhtis:putes	buhtis	 <l pos="A">buhtis</l>
goavis:váimuttem	goavis	 <l pos="A">goavis</l>
roavis:rome	roavis	
olggos:olgos	olggos	 <l pos="Adv">olggos</l>
álggos:vistig	álggos	 <l pos="Adv">álggos</l>
nuppos:nubás	nuppos	 <l pos="Adv">nuppos</l>
rasvakerros:oolâs	rasvakerros	
nietos:skälvi	nietos	
njoaiddus:njuáidus	njoaiddus	 <l pos="A">njoaiddus</l>
gáiddus:kaaidâs	gáiddus	
dovddus:uápis	dovddus	 <l pos="A">dovddus</l>
goasttádus:kuástádâs	goasttádus	
čielggus:ordâ	čielggus	 <l pos="A">čielggus</l>
suorggus:suárgus	suorggus	
meađggus:sukkârnallii	meađggus	 <l pos="A">meađggus</l>
bajimus:pajemus	bajimus	 <l pos="A">bajimus</l>
vuolimus:vyelebâš	vuolimus	 <l pos="A">vuolimus</l>
vuolimus:vyelemus	vuolimus	 <l pos="A">vuolimus</l>
lulimus:kesipiegâmuš	lulimus	 <l pos="A">lulimus</l>
maŋimus:maajeeb	maŋimus	 <l pos="A">maŋimus</l>
čalmmus:almos	čalmmus	 <l pos="A">čalmmus</l>
oainnus:enâdâh	oainnus	 <l pos="A">oainnus</l>
oainnus:uáinojeijee	oainnus	 <l pos="A">oainnus</l>
oainnus:váárdus	oainnus	 <l pos="A">oainnus</l>
guorus:kuárus	guorus	 <l pos="A">guorus</l>
olles_mihtus:oles	olles_mihtus	
eatnandoarggáštus:eennâmtuárgástus	eatnandoarggáštus	
luovus:pođoinjâs	luovus	 <l pos="A">luovus</l>
máilmmiávus:maailmubâlâšvuotâ	máilmmiávus	
dieđus:tiäđust-uv	dieđus	 <l pos="A">dieđus</l>
vealggás:viälgás	vealggás	 <l pos="Adv">vealggás</l>
bajás:pajas	bajás	 <l pos="Adv">bajás</l>
álás:pääljis	álás	 <l pos="A">álás</l>
seammás:tastan	seammás	 <l pos="Adv">seammás</l>
sámás:sámás	sámás	 <l pos="Adv">sámás</l>
doarrás:tuárrást	doarrás	 <l pos="Adv">doarrás</l>
hearvás:nánnáá	hearvás	 <l pos="A">hearvás</l>
báhccat:paccâđ	báhccat	
máhccat:maccâđ	máhccat	 <l pos="V">máhccat</l>
goahcat:kuossâđ	goahcat	
čuohcat:čyecciđ	čuohcat	 <l pos="V">čuohcat</l>
áicat:aiccâđ	áicat	 <l pos="V">áicat</l>
jietnadat:jienâdâh	jietnadat	
fievrrádaddat:tuálvuttâllâđ	fievrrádaddat	 <l pos="V">fievrrádaddat</l>
geahččaladdat:keččâlâddâđ	geahččaladdat	 <l pos="V">geahččaladdat</l>
átnuladdat:hastâččiđ	átnuladdat	 <l pos="V">átnuladdat</l>
addáladdat:adaluhčâđ	addáladdat	 <l pos="V">addáladdat</l>
váldáladdat:hámssuđ	váldáladdat	 <l pos="V">váldáladdat</l>
allánaddat:alanâddâđ	allánaddat	 <l pos="V">allánaddat</l>
báhtaraddat:patârâddâđ	báhtaraddat	 <l pos="V">báhtaraddat</l>
fiškasaddat:libžođ	fiškasaddat	 <l pos="V">fiškasaddat</l>
heahtáduddat:iätáduddâđ	heahtáduddat	 <l pos="V">heahtáduddat</l>
jáddat:časkâđ	jáddat	 <l pos="x">jáddat</l>
vuoidat:vuojâttiđ	vuoidat	 <l pos="V">vuoidat</l>
gierdat:sovášiđ	gierdat	 <l pos="V">gierdat</l>
báffat:pávháđ	báffat	 <l pos="V">báffat</l>
njuolggočiegat:njuálgučievâg	njuolggočiegat	
caggat:keldiđ	caggat	 <l pos="V">caggat</l>
laggat:sparkkeđ	laggat	 <l pos="V">laggat</l>
viggat:háputtâllâđ	viggat	 <l pos="V">viggat</l>
guhkesjuolggat:pievrih	guhkesjuolggat	 <l pos="A">guhkesjuolggat</l>
coggat:kárvuttiđ	coggat	 <l pos="V">coggat</l>
mieigat:mieigâđ	mieigat	
siigat:nuorbâđ	siigat	 <l pos="V">siigat</l>
šealgat:kildee	šealgat	 <l pos="A">šealgat</l>
čolgat:čulgâđ	čolgat	 <l pos="V">čolgat</l>
čálgat:rávásmiđ	čálgat	
geargat:valmâštuđ	geargat	 <l pos="V">geargat</l>
ruovgat:ruovgâđ	ruovgat	 <l pos="V">ruovgat</l>
čuovgat:čuovvâd	čuovgat	 <l pos="A">čuovgat</l>
cadjat:cooijâđ	cadjat	 <l pos="V">cadjat</l>
čuodjat:čuoijâđ	čuodjat	 <l pos="V">čuodjat</l>
rádjat:vuorkkiđ	rádjat	 <l pos="V">rádjat</l>
šlietnjat:pilleeđ	šlietnjat	
botnjat:nubásmittiđ	botnjat	 <l pos="V">botnjat</l>
cahkat:coohâđ	cahkat	 <l pos="V">cahkat</l>
čiehkat:peittiđ	čiehkat	 <l pos="V">čiehkat</l>
nohkat:cipcâniđ	nohkat	 <l pos="V">nohkat</l>
nohkat:nuuhâđ	nohkat	 <l pos="V">nohkat</l>
suohkat:suohâd	suohkat	 <l pos="A">suohkat</l>
čuohkat:čuohâđ	čuohkat	 <l pos="V">čuohkat</l>
njáhkat:njaahâđ	njáhkat	 <l pos="V">njáhkat</l>
cahkkat:hervii	cahkkat	 <l pos="A">cahkkat</l>
guohkkat:kuokkâđ	guohkkat	 <l pos="V">guohkkat</l>
čeaskat:českâd	čeaskat	 <l pos="A">čeaskat</l>
guoskat:kuoskâđ	guoskat	 <l pos="V">guoskat</l>
suoskat:suoskâđ	suoskat	 <l pos="V">suoskat</l>
njáskat:karsâđ	njáskat	
deavkat:siävŋus	deavkat	 <l pos="A">deavkat</l>
ruškat:ruškâd	ruškat	 <l pos="A">ruškat</l>
máŋggabealat:maaŋgâpiälálâš	máŋggabealat	 <l pos="A">máŋggabealat</l>
suomagielat:suomâkielâlâš	suomagielat	
allat:olluv	allat	 <l pos="A">allat</l>
ballat:poollâđ	ballat	 <l pos="V">ballat</l>
rohkadallat:ruhâdâllâđ	rohkadallat	 <l pos="V">rohkadallat</l>
vihkkedallat:suogârdiđ	vihkkedallat	 <l pos="V">vihkkedallat</l>
čiehkádallat:piäittáástâllâđ	čiehkádallat	 <l pos="V">čiehkádallat</l>
doarrádallat:uávuttâllâđ	doarrádallat	
jearahallat:koijâdâllâđ	jearahallat	 <l pos="V">jearahallat</l>
jearahallat:sahhiittâllâđ	jearahallat	 <l pos="V">jearahallat</l>
hárjehallat:hárjuttâllâđ	hárjehallat	 <l pos="V">hárjehallat</l>
surggohallat:surguttâllâđ	surggohallat	 <l pos="V">surggohallat</l>
beljohallat:peljipiälástâllâđ	beljohallat	 <l pos="V">beljohallat</l>
rámohallat:rammuustâllâđ	rámohallat	 <l pos="V">rámohallat</l>
háhpohallat:háputtâllâđ	háhpohallat	
rávvohallat:muštottâllâđ	rávvohallat	 <l pos="V">rávvohallat</l>
sattáhallat:sodâstâllâđ	sattáhallat	
jođáhallat:cogâdiđ	jođáhallat	
jallat:jumijdiđ	jallat	 <l pos="V">jallat</l>
sisttisdoallat:siskeldiđ	sisttisdoallat	 <l pos="V">sisttisdoallat</l>
leaikkastallat:kompâlâššâđ	leaikkastallat	 <l pos="V">leaikkastallat</l>
rohttestallat:kesâččiđ	rohttestallat	 <l pos="V">rohttestallat</l>
hearrástallat:hiärástâllâđ	hearrástallat	 <l pos="V">hearrástallat</l>
viissástallat:vijsástâllâđ	viissástallat	 <l pos="V">viissástallat</l>
attástallat:moggediđ	attástallat	 <l pos="V">attástallat</l>
meroštallat:miäruštâllâđ	meroštallat	 <l pos="V">meroštallat</l>
árvvoštallat:árvuštâllâđ	árvvoštallat	 <l pos="V">árvvoštallat</l>
valáštallat:valastâllâđ	valáštallat	 <l pos="V">valáštallat</l>
njiellat:njiellâđ	njiellat	 <l pos="V">njiellat</l>
fuollat:huollâđ	fuollat	
vuollat:vuollâđ	vuollat	 <l pos="V">vuollat</l>
cullat:vuáttuđ	cullat	 <l pos="V">cullat</l>
gullat:kuullâđ	gullat	 <l pos="V">gullat</l>
guovlat:kuovlâliđ	guovlat	 <l pos="V">guovlat</l>
biebmat:piemmâđ	biebmat	 <l pos="V">biebmat</l>
doaibmat:toimâđ	doaibmat	 <l pos="V">doaibmat</l>
hirbmat:julme	hirbmat	 <l pos="A">hirbmat</l>
njammat:skuárččuđ	njammat	 <l pos="V">njammat</l>
viimmat:viijmâg	viimmat	 <l pos="Adv">viimmat</l>
viimmat:viijmâg	viimmat	 <l pos="Adv">viimmat</l>
deapmat:poŋkkeđ	deapmat	 <l pos="V">deapmat</l>
gopmat:čuákkááttiđ	gopmat	 <l pos="V">gopmat</l>
oainnat:uáináh	oainnat	 <l pos="Adv">oainnat</l>
mánnat:mänidiđ	mánnat	 <l pos="V">mánnat</l>
skoahpat:skovijdiđ	skoahpat	
duohpat:tuoppâđ	duohpat	
luohpat:luoppâđ	luohpat	 <l pos="V">luohpat</l>
birračuohppat:pirrâčuoppâđ	birračuohppat	 <l pos="V">birračuohppat</l>
čáhppat:čappâd	čáhppat	 <l pos="A">čáhppat</l>
čáppat:muččâd	čáppat	 <l pos="A">čáppat</l>
čáppat:muččâd	čáppat	 <l pos="A">čáppat</l>
fearrat:veerrâđ	fearrat	 <l pos="V">fearrat</l>
snuhrrat:škorijdiđ	snuhrrat	 <l pos="V">snuhrrat</l>
guorrat:njyebžiđ	guorrat	 <l pos="V">guorrat</l>
guorrat:njálmádiđ	guorrat	 <l pos="V">guorrat</l>
árrat:tooláá	árrat	 <l pos="A">árrat</l>
árrat:ääigild	árrat	 <l pos="A">árrat</l>
várrugasat:várugávt	várrugasat	 <l pos="Adv">várrugasat</l>
golmmaoasat:kulmlonjâsâš	golmmaoasat	
joksat:juksâđ	joksat	 <l pos="V">joksat</l>
joksat:juksâđ	joksat	 <l pos="V">joksat</l>
ruoksat:ruopsâd	ruoksat	 <l pos="A">ruoksat</l>
juosat:kuusnii	juosat	 <l pos="x">juosat</l>
juosat:kuusnii	juosat	 <l pos="x">juosat</l>
gissat:stuullâđ	gissat	 <l pos="V">gissat</l>
lossat:lussâd	lossat	 <l pos="A">lossat</l>
ássat:hacâgiđ	ássat	 <l pos="V">ássat</l>
bázahusat:pasâttâs	bázahusat	
eanemusat:iänáá	eanemusat	 <l pos="Adv">eanemusat</l>
miehtat:miettâđ	miehtat	 <l pos="V">miehtat</l>
duhtat:tuuttâđ	duhtat	 <l pos="V">duhtat</l>
giektat:kieptiđ	giektat	 <l pos="V">giektat</l>
riektat:riehtis	riektat	 <l pos="A">riektat</l>
girtat:pallâđ	girtat	 <l pos="V">girtat</l>
astat:ostâđ	astat	 <l pos="V">astat</l>
duostat:oskeldâttâđ	duostat	 <l pos="V">duostat</l>
suostat:kuáridiđ	suostat	 <l pos="V">suostat</l>
gohčostat:sänituálvoo	gohčostat	
ástat:surgástuđ	ástat	
časkkástat:čuolâstâh	časkkástat	
deaivat:kuáhtáđ	deaivat	 <l pos="V">deaivat</l>
dulvat:tulvâđ	dulvat	 <l pos="x">dulvat</l>
searvat:uásálistiđ	searvat	 <l pos="V">searvat</l>
eanaiduvvat:eennâmluđ	eanaiduvvat	 <l pos="V">eanaiduvvat</l>
agáiduvvat:eliliđ	agáiduvvat	 <l pos="V">agáiduvvat</l>
gaskkalduvvat:koskâlduđ	gaskkalduvvat	
vajálduvvat:vájálduđ	vajálduvvat	 <l pos="V">vajálduvvat</l>
vuođđuduvvat:vuáđuduđ	vuođđuduvvat	
vaháguvvat:vahaduđ	vaháguvvat	 <l pos="V">vaháguvvat</l>
luonddahuvvat:silloođ	luonddahuvvat	 <l pos="V">luonddahuvvat</l>
čuovggahuvvat:čalmettuđ	čuovggahuvvat	 <l pos="V">čuovggahuvvat</l>
roasmmehuvvat:ruásmuttuđ	roasmmehuvvat	
asehuvvat:siäggániđ	asehuvvat	 <l pos="x">asehuvvat</l>
gárihuvvat:vijnáttuđ	gárihuvvat	 <l pos="V">gárihuvvat</l>
luvvat:kásánittiđ	luvvat	
nuorasmuvvat:nuorâsmiđ	nuorasmuvvat	 <l pos="V">nuorasmuvvat</l>
ođasmuvvat:uđâsmiđ	ođasmuvvat	 <l pos="V">ođasmuvvat</l>
stáđásmuvvat:vuáháduđ	stáđásmuvvat	
árrásuvvat:árášâddâđ	árrásuvvat	 <l pos="V">árrásuvvat</l>
áŧestuvvat:atâštuđ	áŧestuvvat	 <l pos="V">áŧestuvvat</l>
ráhkistuvvat:rähistuđ	ráhkistuvvat	 <l pos="V">ráhkistuvvat</l>
eahpelihkostuvvat:falskiittâttâđ	eahpelihkostuvvat	
šleaippástuvvat:muokkâšuđ	šleaippástuvvat	 <l pos="V">šleaippástuvvat</l>
ráttástuvvat:hiämáskiđ	ráttástuvvat	 <l pos="V">ráttástuvvat</l>
ráttástuvvat:jierestuđ	ráttástuvvat	 <l pos="V">ráttástuvvat</l>
duššástuvvat:tušástuđ	duššástuvvat	 <l pos="V">duššástuvvat</l>
joatkašuvvat:jotkuđ	joatkašuvvat	 <l pos="V">joatkašuvvat</l>
ollašuvvat:olášuđ	ollašuvvat	
seastašuvvat:šeštuđ	seastašuvvat	
sodjat_gávvat:kuákkáádiđ	sodjat_gávvat	
sávvat:tuáivuttiđ	sávvat	 <l pos="V">sávvat</l>
sávvat:tuáivuđ	sávvat	 <l pos="V">sávvat</l>
rahčat:ruhnođ	rahčat	 <l pos="V">rahčat</l>
čakčat:čohčuv	čakčat	 <l pos="Adv">čakčat</l>
čiekčat:čiehčâđ	čiekčat	 <l pos="V">čiekčat</l>
eahkedaččat:ehidâsmäälis	eahkedaččat	
čálalaččat:kirjálávt	čálalaččat	 <l pos="Adv">čálalaččat</l>
persovnnalaččat:persovnlávt	persovnnalaččat	 <l pos="Adv">persovnnalaččat</l>
loahpalaččat:mietimái	loahpalaččat	 <l pos="Adv">loahpalaččat</l>
jahkásaččat:ihásávt	jahkásaččat	 <l pos="Adv">jahkásaččat</l>
geahččat:keččâđ	geahččat	 <l pos="V">geahččat</l>
gođđat:kuuđđâđ	gođđat	 <l pos="V">gođđat</l>
vuoigŋat:vuoiŋâđ	vuoigŋat	 <l pos="V">vuoigŋat</l>
ahkiduššat:kuhástuđ	ahkiduššat	 <l pos="V">ahkiduššat</l>
eaiggáduššat:omâstiđ	eaiggáduššat	 <l pos="V">eaiggáduššat</l>
áimmahuššat:paijeentoollâđ	áimmahuššat	 <l pos="V">áimmahuššat</l>
oaffaruššat:uhrediđ	oaffaruššat	 <l pos="V">oaffaruššat</l>
sniiggáruššat:hánástâllâđ	sniiggáruššat	 <l pos="V">sniiggáruššat</l>
doaktáruššat:tuáhtáruššâđ	doaktáruššat	 <l pos="V">doaktáruššat</l>
gožžat:kužžâđ	gožžat	 <l pos="V">gožžat</l>
bombet:pommittiđ	bombet	
čáhccet:tuoppiđ	čáhccet	 <l pos="V">čáhccet</l>
uminddet:vyeliahasâš	uminddet	 <l pos="A">uminddet</l>
muddet:čuoldâstiđ	muddet	 <l pos="V">muddet</l>
muddet:šeštiđ	muddet	 <l pos="V">muddet</l>
báddet:jienâttiđ	báddet	
fáddet:tuáruttiđ	fáddet	 <l pos="x">fáddet</l>
láddet:lemniđ	láddet	 <l pos="V">láddet</l>
sáddet:vuolgâttiđ	sáddet	 <l pos="V">sáddet</l>
spiidet:ilâštiđ	spiidet	 <l pos="V">spiidet</l>
riidet:raccastiđ	riidet	 <l pos="V">riidet</l>
geiget:keigiđ	geiget	 <l pos="V">geiget</l>
čerget:čergiđ	čerget	 <l pos="V">čerget</l>
cuvget:moorrâđ	cuvget	
čuvget:čuovviđ	čuvget	 <l pos="V">čuvget</l>
geđget:keđgiđ	geđget	 <l pos="V">geđget</l>
geđget:keđgiđ	geđget	 <l pos="V">geđget</l>
leŋget:leŋgiđ	leŋget	 <l pos="V">leŋget</l>
fáŋget:faŋgiđ	fáŋget	
suddjet:suoijiđ	suddjet	 <l pos="V">suddjet</l>
ráddjet:raijiđ	ráddjet	 <l pos="V">ráddjet</l>
válljet:sildeđ	válljet	 <l pos="V">válljet</l>
válljet:valjiđ	válljet	 <l pos="V">válljet</l>
sávdnjet:savŋiđ	sávdnjet	 <l pos="V">sávdnjet</l>
kiiket:kijkkiđ	kiiket	 <l pos="V">kiiket</l>
čohkket:kuávdásmittiđ	čohkket	 <l pos="V">čohkket</l>
báhkket:pakkađ	báhkket	 <l pos="V">báhkket</l>
čáhkket:čahhiđ	čáhkket	
plokket:avrađ	plokket	 <l pos="V">plokket</l>
dilket:rijváđ	dilket	 <l pos="V">dilket</l>
vurket:vuorkkiđ	vurket	 <l pos="V">vurket</l>
bárket:ostodiđ	bárket	 <l pos="V">bárket</l>
busket:puoskiđ	busket	 <l pos="V">busket</l>
govket:kovkkiđ	govket	 <l pos="V">govket</l>
dáŋket:taŋkkađ	dáŋket	 <l pos="V">dáŋket</l>
seilet:seiliđ	seilet	 <l pos="x">seilet</l>
čellet:čelliđ	čellet	
fillet:viettâliđ	fillet	 <l pos="V">fillet</l>
gillet:viiššâđ	gillet	 <l pos="V">gillet</l>
millet:millođ	millet	 <l pos="V">millet</l>
sillet:silliđ	sillet	 <l pos="x">sillet</l>
mollet:muttiđ	mollet	
tullet:tulláđ	tullet	 <l pos="V">tullet</l>
skuvlet:škovliđ	skuvlet	 <l pos="V">skuvlet</l>
russiinávlet:riistânnavliđ	russiinávlet	 <l pos="V">russiinávlet</l>
málet:mááláđ	málet	 <l pos="V">málet</l>
filbmet:filmiđ	filbmet	
dubmet:tuommiđ	dubmet	 <l pos="V">dubmet</l>
stemmet:jienâstiđ	stemmet	 <l pos="V">stemmet</l>
dadnet:tonniđ	dadnet	 <l pos="V">dadnet</l>
ordnet:rähtiđ	ordnet	 <l pos="V">ordnet</l>
gudnet:kunniđ	gudnet	 <l pos="V">gudnet</l>
ivdnet:ivniđ	ivdnet	 <l pos="V">ivdnet</l>
ávdnet:juullâđ	ávdnet	
dinet:tiänáđ	dinet	 <l pos="V">dinet</l>
mannet:monniđ	mannet	 <l pos="V">mannet</l>
nannet:nanodiđ	nannet	 <l pos="V">nannet</l>
nannet:nonniđ	nannet	 <l pos="V">nannet</l>
njunnet:vävjiđ	njunnet	 <l pos="V">njunnet</l>
pumpet:pumppáđ	pumpet	 <l pos="V">pumpet</l>
guhppet:kuppáđ	guhppet	 <l pos="V">guhppet</l>
eret:meddâl	eret	 <l pos="Adv">eret</l>
kommanderet:kivriđ	kommanderet	 <l pos="V">kommanderet</l>
appelleret:keessiđ	appelleret	
kopuleret:parâttâllâđ	kopuleret	 <l pos="V">kopuleret</l>
programmeret:ohjelmistiđ	programmeret	
komponeret:nuottiđ	komponeret	
registreret:kirjettiđ	registreret	
registreret:registeeriđ	registreret	
illustreret:kuvviđ	illustreret	 <l pos="V">illustreret</l>
industrialiseret:ráhtálâšvuotâluđ	industrialiseret	
spesialiseret:spesiaališuđ	spesialiseret	 <l pos="V">spesialiseret</l>
dikteret:sánádiđ	dikteret	 <l pos="V">dikteret</l>
patenteret:patentistiđ	patenteret	 <l pos="V">patenteret</l>
adopteret:adoptiđ	adopteret	 <l pos="V">adopteret</l>
aktiveret:aktivistiđ	aktiveret	 <l pos="V">aktiveret</l>
stuđeret:oppâđ	stuđeret	 <l pos="V">stuđeret</l>
harret:huhkádiđ	harret	 <l pos="V">harret</l>
nárret:narriđ	nárret	 <l pos="V">nárret</l>
várret:varriidâttâđ	várret	 <l pos="V">várret</l>
stivret:stivriđ	stivret	 <l pos="V">stivret</l>
stivret:stivriđ	stivret	 <l pos="V">stivret</l>
skuvret:skuppiđ	skuvret	 <l pos="V">skuvret</l>
muvret:muvráđ	muvret	
bokset:čurmâdâttâđ	bokset	 <l pos="V">bokset</l>
misset:missiđ	misset	 <l pos="V">misset</l>
dásset:tassiđ	dásset	 <l pos="V">dásset</l>
dásset:tassiđ	dásset	 <l pos="V">dásset</l>
lásset:lukkâdiđ	lásset	 <l pos="V">lásset</l>
oktet:ohtiđ	oktet	 <l pos="V">oktet</l>
loktet:ruáđđáđ	loktet	 <l pos="V">loktet</l>
duktet:sondiđ	duktet	 <l pos="V">duktet</l>
fáktet:tarkkuđ	fáktet	
fáktet:vakšuđ	fáktet	
bestet:pestiđ	bestet	 <l pos="V">bestet</l>
lástet:kädistiđ	lástet	 <l pos="V">lástet</l>
kihttet:taigâđ	kihttet	 <l pos="V">kihttet</l>
buhttet:sajanmäksiđ	buhttet	
ruhttet:ruottiđ	ruhttet	 <l pos="V">ruhttet</l>
beaivet:peiviv	beaivet	 <l pos="Adv">beaivet</l>
dálvet:tälviv	dálvet	 <l pos="Adv">dálvet</l>
spovet:spooviđ	spovet	 <l pos="V">spovet</l>
hervet:kirjettiđ	hervet	 <l pos="V">hervet</l>
hervet:čiŋâttiđ	hervet	 <l pos="V">hervet</l>
borvet:talâstiđ	borvet	 <l pos="V">borvet</l>
govvet:kuvviđ	govvet	 <l pos="V">govvet</l>
rávvet:avžuuttiđ	rávvet	 <l pos="V">rávvet</l>
jeđđet:lohđuttiđ	jeđđet	 <l pos="V">jeđđet</l>
ráđđet:haldâšiđ	ráđđet	 <l pos="V">ráđđet</l>
stunžet:ruámččááttiđ	stunžet	 <l pos="V">stunžet</l>
niegadit:nievdâđ	niegadit	 <l pos="V">niegadit</l>
čielggadit:siillâđ	čielggadit	 <l pos="V">čielggadit</l>
čolggadit:čulgâdâttâđ	čolggadit	 <l pos="V">čolggadit</l>
čolgadit:čulgâdiđ	čolgadit	 <l pos="V">čolgadit</l>
logadit:luhâlâhčâđ	logadit	 <l pos="V">logadit</l>
bonjadit:ruáibuđ	bonjadit	 <l pos="V">bonjadit</l>
sojadit:täsidiđ	sojadit	
báhkadit:pahâdiđ	báhkadit	 <l pos="V">báhkadit</l>
bihkkadit:pikkâdiđ	bihkkadit	 <l pos="V">bihkkadit</l>
nohkkadit:nohádittiđ	nohkkadit	 <l pos="V">nohkkadit</l>
čáskadit:lopâstuttiđ	čáskadit	 <l pos="V">čáskadit</l>
vuoladit:vuolâdiđ	vuoladit	 <l pos="V">vuoladit</l>
fáladit:falâdâttâđ	fáladit	 <l pos="V">fáladit</l>
albmadit:kuoddâliđ	albmadit	 <l pos="V">albmadit</l>
ruoidnadit:ruáinudiđ	ruoidnadit	 <l pos="V">ruoidnadit</l>
jietnadit:jienâdiđ	jietnadit	 <l pos="V">jietnadit</l>
jietnadit:jienâdiđ	jietnadit	 <l pos="V">jietnadit</l>
basadit:posâdâttâđ	basadit	 <l pos="V">basadit</l>
vuovssadit:vyeksiđ	vuovssadit	 <l pos="V">vuovssadit</l>
buhtadit:pyerettiđ	buhtadit	 <l pos="V">buhtadit</l>
ruhtadit:ruttâdiđ	ruhtadit	 <l pos="V">ruhtadit</l>
láktadit:lahtâdiđ	láktadit	 <l pos="V">láktadit</l>
láktadit:lahtâdiđ	láktadit	 <l pos="V">láktadit</l>
eastadit:estâdiđ	eastadit	 <l pos="V">eastadit</l>
buvttadit:puovtâdiđ	buvttadit	 <l pos="V">buvttadit</l>
buozadit:puosâdiđ	buozadit	 <l pos="V">buozadit</l>
nađđadit:novdiđ	nađđadit	 <l pos="V">nađđadit</l>
goddit:morhediđ	goddit	 <l pos="V">goddit</l>
čohkkedit:nurâdiđ	čohkkedit	 <l pos="V">čohkkedit</l>
čohkkedit:čokánistiđ	čohkkedit	 <l pos="V">čohkkedit</l>
dáraidit:kijvástâllâđ	dáraidit	 <l pos="V">dáraidit</l>
hálbbidit:hälbidiđ	hálbbidit	 <l pos="V">hálbbidit</l>
viiddidit:vijđediđ	viiddidit	 <l pos="V">viiddidit</l>
šuddidit:šlamâttiđ	šuddidit	 <l pos="V">šuddidit</l>
ovddidit:ovdediđ	ovddidit	 <l pos="V">ovddidit</l>
ovddidit:ovdediđ	ovddidit	 <l pos="V">ovddidit</l>
veardidit:verdidiđ	veardidit	
hevrriidit:lievlistiđ	hevrriidit	
bajidit:alediđ	bajidit	 <l pos="V">bajidit</l>
dáhkidit:tähidiđ	dáhkidit	 <l pos="V">dáhkidit</l>
nuoskkidit:nyeskidiđ	nuoskkidit	 <l pos="V">nuoskkidit</l>
bilkidit:pilkkediđ	bilkidit	 <l pos="V">bilkidit</l>
duskidit:toskediđ	duskidit	 <l pos="V">duskidit</l>
duškidit:porššođ	duškidit	 <l pos="V">duškidit</l>
alidit:alediđ	alidit	 <l pos="V">alidit</l>
vuolidit:njuorâdiđ	vuolidit	 <l pos="V">vuolidit</l>
gobmidit:kumâttâllâđ	gobmidit	 <l pos="V">gobmidit</l>
rámidit:rämidiđ	rámidit	 <l pos="V">rámidit</l>
oanidit:uánidiđ	oanidit	 <l pos="V">oanidit</l>
sárdnidit:särnidiđ	sárdnidit	 <l pos="V">sárdnidit</l>
buressivdnidit:sivnáđ	buressivdnidit	 <l pos="V">buressivdnidit</l>
buressivdnidit:sivnáđ	buressivdnidit	 <l pos="V">buressivdnidit</l>
kruvnnidit:ruvnáđ	kruvnnidit	 <l pos="V">kruvnnidit</l>
mánidit:mänidiđ	mánidit	 <l pos="V">mánidit</l>
geahpidit:älkkeedittiđ	geahpidit	 <l pos="V">geahpidit</l>
lohpidit:lopediđ	lohpidit	 <l pos="V">lohpidit</l>
goaridit:kuáridiđ	goaridit	 <l pos="V">goaridit</l>
stuoridit:styerediđ	stuoridit	 <l pos="V">stuoridit</l>
mearridit:meridiđ	mearridit	 <l pos="V">mearridit</l>
veaisidit:veisidiđ	veaisidit	 <l pos="V">veaisidit</l>
vástidit:västidiđ	vástidit	 <l pos="V">vástidit</l>
koasttidit:kuástidiđ	koasttidit	 <l pos="V">koasttidit</l>
rievidit:rievviđ	rievidit	 <l pos="V">rievidit</l>
deaividit:tápádiđ	deaividit	 <l pos="V">deaividit</l>
váivvidit:muokkiđ	váivvidit	 <l pos="V">váivvidit</l>
govvidit:valdâliđ	govvidit	 <l pos="V">govvidit</l>
maŋidit:maŋediđ	maŋidit	 <l pos="V">maŋidit</l>
čoppaldit:njalčattiđ	čoppaldit	 <l pos="V">čoppaldit</l>
rasttildit:mokseđ	rasttildit	 <l pos="V">rasttildit</l>
gávildit:kävildiđ	gávildit	 <l pos="V">gávildit</l>
vuostáiváldit:vuástáväldiđ	vuostáiváldit	 <l pos="V">vuostáiváldit</l>
leandit:hurgeđ	leandit	 <l pos="V">leandit</l>
čorggodit:čurgiistâttâđ	čorggodit	 <l pos="V">čorggodit</l>
ravggodit:riŋgođ	ravggodit	 <l pos="V">ravggodit</l>
lávggodit:lávguđ	lávggodit	 <l pos="V">lávggodit</l>
spihkodit:spiäkkuđ	spihkodit	 <l pos="V">spihkodit</l>
njolodit:njuáludiđ	njolodit	 <l pos="V">njolodit</l>
njolodit:siärgádiđ	njolodit	 <l pos="V">njolodit</l>
ruvssodit:ruápsudiđ	ruvssodit	 <l pos="V">ruvssodit</l>
gárvodit:kárvudâttâđ	gárvodit	 <l pos="V">gárvodit</l>
čuvodit:kuorâdiđ	čuvodit	 <l pos="V">čuvodit</l>
gohčodit:kočottiđ	gohčodit	 <l pos="V">gohčodit</l>
čuččodit:čuážudiđ	čuččodit	 <l pos="V">čuččodit</l>
gorkŋodit:stapârâššâđ	gorkŋodit	 <l pos="V">gorkŋodit</l>
libardit:faškâsâddâđ	libardit	 <l pos="V">libardit</l>
suonjardit:suonjârdiđ	suonjardit	 <l pos="V">suonjardit</l>
soardit:suárdiđ	soardit	
soardit:vuálánittiđ	soardit	
gopmirdit:komerdiđ	gopmirdit	 <l pos="V">gopmirdit</l>
veažirdit:večiruššâđ	veažirdit	 <l pos="V">veažirdit</l>
vuordit:vyerdiđ	vuordit	 <l pos="V">vuordit</l>
njárbudit:härvidiđ	njárbudit	 <l pos="V">njárbudit</l>
dálludit:tálustâllâđ	dálludit	 <l pos="V">dálludit</l>
fápmudit:valduuttiđ	fápmudit	 <l pos="V">fápmudit</l>
ávvudit:juhlođ	ávvudit	 <l pos="V">ávvudit</l>
vuohčudit:vuáčuttiđ	vuohčudit	 <l pos="V">vuohčudit</l>
vuođđudit:vuáđudiđ	vuođđudit	 <l pos="V">vuođđudit</l>
čiekŋudit:jieŋâlmittiđ	čiekŋudit	 <l pos="V">čiekŋudit</l>
čiekŋudit:livvoođ	čiekŋudit	 <l pos="V">čiekŋudit</l>
buoššudit:puášudiđ	buoššudit	 <l pos="V">buoššudit</l>
deavdit:tevdiđ	deavdit	 <l pos="V">deavdit</l>
vuovdit:vyebdiđ	vuovdit	 <l pos="V">vuovdit</l>
riegádit:šoddâđ	riegádit	 <l pos="V">riegádit</l>
mulggádit:mulgâstiđ	mulggádit	 <l pos="V">mulggádit</l>
šnjirggádit:piškádiđ	šnjirggádit	 <l pos="V">šnjirggádit</l>
cieládit:umástistiđ	cieládit	 <l pos="V">cieládit</l>
gihládit:kihlođ	gihládit	 <l pos="V">gihládit</l>
suoládit:kesijâššâđ	suoládit	 <l pos="V">suoládit</l>
geassádit:kaidâđ	geassádit	 <l pos="V">geassádit</l>
geassádit:kuođâttâttâđ	geassádit	 <l pos="V">geassádit</l>
rusádit:rusádiđ	rusádit	 <l pos="V">rusádit</l>
dálvádit:tálvástâllâđ	dálvádit	
nurddagit:nurssođ	nurddagit	 <l pos="V">nurddagit</l>
báljagit:itteeđ	báljagit	
vinjagit:vinálistiđ	vinjagit	 <l pos="V">vinjagit</l>
allagit:ollâgávt	allagit	 <l pos="Adv">allagit</l>
vuoigit:vuáivuttiđ	vuoigit	 <l pos="V">vuoigit</l>
álgit:riemmâđ	álgit	 <l pos="V">álgit</l>
luobahit:luovâttiđ	luobahit	 <l pos="V">luobahit</l>
áhcahit:acâttiđ	áhcahit	 <l pos="V">áhcahit</l>
báhcahit:pacâttiđ	báhcahit	 <l pos="V">báhcahit</l>
duolddahit:tuoldâttiđ	duolddahit	 <l pos="V">duolddahit</l>
vuolggahit:starttađ	vuolggahit	 <l pos="V">vuolggahit</l>
suorggahit:suorgâttiđ	suorggahit	 <l pos="V">suorggahit</l>
logahit:luvâttiđ	logahit	 <l pos="V">logahit</l>
jugahit:juvâttiđ	jugahit	 <l pos="V">jugahit</l>
sugahit:vuáttuđ	sugahit	 <l pos="V">sugahit</l>
sugahit:vuáttuđ	sugahit	 <l pos="V">sugahit</l>
vihahit:vihkâđ	vihahit	 <l pos="x">vihahit</l>
lihkahit:lihâttiđ	lihkahit	
guoskkahit:kuoskâttiđ	guoskkahit	 <l pos="V">guoskkahit</l>
vealahit:olgoštiđ	vealahit	
skilahit:skiláidittiđ	skilahit	 <l pos="V">skilahit</l>
olahit:ulâttiđ	olahit	 <l pos="V">olahit</l>
fuolahit:huolâttiđ	fuolahit	 <l pos="V">fuolahit</l>
njamahit:njomâttiđ	njamahit	 <l pos="V">njamahit</l>
namahit:nabdeđ	namahit	 <l pos="V">namahit</l>
doaimmahit:toimâttiđ	doaimmahit	 <l pos="V">doaimmahit</l>
gávnnahit:pahudiđ	gávnnahit	 <l pos="V">gávnnahit</l>
gávppahit:kavpâšiđ	gávppahit	 <l pos="V">gávppahit</l>
gosahit:kuorsâttiđ	gosahit	 <l pos="V">gosahit</l>
čađahit:olášuttiđ	čađahit	 <l pos="V">čađahit</l>
čađahit:čođâldittiđ	čađahit	 <l pos="V">čađahit</l>
dohkkehit:tuhhiittiđ	dohkkehit	 <l pos="V">dohkkehit</l>
dohkkehit:tuhhiittiđ	dohkkehit	 <l pos="V">dohkkehit</l>
válddihit:väldittiđ	válddihit	 <l pos="V">válddihit</l>
girddihit:kirdettiđ	girddihit	 <l pos="V">girddihit</l>
murddihit:murdettiđ	murddihit	 <l pos="V">murddihit</l>
njávggihit:njávgádiđ	njávggihit	 <l pos="V">njávggihit</l>
vuojihit:vyejettiđ	vuojihit	
šuohkihit:šuáhkádiđ	šuohkihit	 <l pos="V">šuohkihit</l>
dalkkihit:kuikkáđ	dalkkihit	 <l pos="V">dalkkihit</l>
rákkihit:teškittiđ	rákkihit	 <l pos="V">rákkihit</l>
gálihit:kälittiđ	gálihit	 <l pos="V">gálihit</l>
čálihit:čälittiđ	čálihit	 <l pos="V">čálihit</l>
deamihit:špuákkáđ	deamihit	 <l pos="V">deamihit</l>
himihit:kávádiđ	himihit	 <l pos="V">himihit</l>
árpmihit:ärmittiđ	árpmihit	 <l pos="V">árpmihit</l>
jumihit:miähkáđ	jumihit	 <l pos="V">jumihit</l>
jámihit:jämittiđ	jámihit	 <l pos="V">jámihit</l>
morihit:čaraniđ	morihit	 <l pos="V">morihit</l>
basihit:pasettiđ	basihit	 <l pos="V">basihit</l>
lasihit:karttuuttiđ	lasihit	 <l pos="V">lasihit</l>
heaittihit:lopâttiđ	heaittihit	 <l pos="V">heaittihit</l>
buvihit:kähistiđ	buvihit	 <l pos="V">buvihit</l>
gozihit:vahtiđ	gozihit	 <l pos="V">gozihit</l>
čuozihit:čuoccâđ	čuozihit	 <l pos="V">čuozihit</l>
mieđihit:mieđettiđ	mieđihit	 <l pos="V">mieđihit</l>
jođihit:suorgiittiđ	jođihit	 <l pos="V">jođihit</l>
jođihit:suorgiittiđ	jođihit	 <l pos="V">jođihit</l>
vuoiŋŋihit:vuoiŋâstiđ	vuoiŋŋihit	 <l pos="V">vuoiŋŋihit</l>
bážihit:päjittiđ	bážihit	 <l pos="V">bážihit</l>
biggohit:piegguuttiđ	biggohit	 <l pos="V">biggohit</l>
láigohit:laiguuttiđ	láigohit	 <l pos="V">láigohit</l>
sáhkohit:sáhuttiđ	sáhkohit	 <l pos="V">sáhkohit</l>
evttohit:iävtuttiđ	evttohit	 <l pos="V">evttohit</l>
seaguhit:siävustiđ	seaguhit	 <l pos="V">seaguhit</l>
cirgguhit:cirgottiđ	cirgguhit	 <l pos="V">cirgguhit</l>
dájuhit:tájuttiđ	dájuhit	
váikkuhit:latkiittiđ	váikkuhit	 <l pos="V">váikkuhit</l>
loaskkuhit:tuáškuđ	loaskkuhit	 <l pos="V">loaskkuhit</l>
sovkkuhit:culáidittiđ	sovkkuhit	 <l pos="V">sovkkuhit</l>
seailluhit:vuárkkuđ	seailluhit	 <l pos="V">seailluhit</l>
almmuhit:almottiđ	almmuhit	 <l pos="V">almmuhit</l>
almmuhit:kulluuttiđ	almmuhit	 <l pos="V">almmuhit</l>
vearuhit:viäruttiđ	vearuhit	 <l pos="V">vearuhit</l>
čieruhit:čiärustuđ	čieruhit	 <l pos="V">čieruhit</l>
basuhit:pasottiđ	basuhit	 <l pos="V">basuhit</l>
divuhit:tivottiđ	divuhit	 <l pos="V">divuhit</l>
lálláhit:vuátudiđ	lálláhit	 <l pos="V">lálláhit</l>
bajit:lievgi	bajit	 <l pos="A">bajit</l>
bajit:paajeeb	bajit	 <l pos="A">bajit</l>
veadjit:vaijeeđ	veadjit	 <l pos="V">veadjit</l>
ádjit:kovŋiđ	ádjit	
vádjit:vááijuv	vádjit	 <l pos="Adv">vádjit</l>
dávjjit:täävjib	dávjjit	 <l pos="Adv">dávjjit</l>
valjit:valjeeht	valjit	 <l pos="Adv">valjit</l>
gahkit:kahheeđ	gahkit	 <l pos="V">gahkit</l>
cáhkit:uigâdâttâđ	cáhkit	 <l pos="V">cáhkit</l>
šuohkkit:šyehkiđ	šuohkkit	 <l pos="V">šuohkkit</l>
skarkit:škurijdiđ	skarkit	 <l pos="V">skarkit</l>
riiddáskit:rijdáskiđ	riiddáskit	
ealáskit:iälláđ	ealáskit	
alit:čuovjâd	alit	 <l pos="A">alit</l>
huhccalit:huccâliđ	huhccalit	 <l pos="V">huhccalit</l>
guoddalit:kuoddâliđ	guoddalit	 <l pos="V">guoddalit</l>
guldalit:kuldâliđ	guldalit	 <l pos="V">guldalit</l>
spargalit:sporkkâliđ	spargalit	 <l pos="V">spargalit</l>
širgalit:širgâliđ	širgalit	 <l pos="V">širgalit</l>
borgalit:soicettiđ	borgalit	 <l pos="V">borgalit</l>
raŋgalit:kávuttiđ	raŋgalit	 <l pos="V">raŋgalit</l>
suodjalit:suojâliđ	suodjalit	 <l pos="V">suodjalit</l>
várjalit:varjâliđ	várjalit	 <l pos="V">várjalit</l>
viehkalit:kaččâliđ	viehkalit	 <l pos="V">viehkalit</l>
juskalit:julkkâliđ	juskalit	 <l pos="V">juskalit</l>
čohkkesalit:tevkisčuovjâd	čohkkesalit	 <l pos="A">čohkkesalit</l>
nuktalit:nuttâliđ	nuktalit	 <l pos="V">nuktalit</l>
dáistalit:kámppádâllâđ	dáistalit	 <l pos="V">dáistalit</l>
dárkilit:tárkká	dárkilit	 <l pos="Adv">dárkilit</l>
eallit:eelliđ	eallit	 <l pos="V">eallit</l>
vuolit:vyeleeb	vuolit	 <l pos="A">vuolit</l>
boarásmit:puárásmiđ	boarásmit	
bieđganit:pieđgâniđ	bieđganit	
ráhkkanit:valmiđ	ráhkkanit	 <l pos="V">ráhkkanit</l>
boatkanit:potkâniđ	boatkanit	
heahpanit:skiämmáđ	heahpanit	 <l pos="V">heahpanit</l>
unnit:ucceeb	unnit	 <l pos="Adv">unnit</l>
bahonit:viärániđ	bahonit	 <l pos="V">bahonit</l>
ovdánit:otânâššâđ	ovdánit	 <l pos="V">ovdánit</l>
ovdánit:ovdániđ	ovdánit	 <l pos="V">ovdánit</l>
seahkánit:siävuttuđ	seahkánit	 <l pos="V">seahkánit</l>
allánit:alaniđ	allánit	 <l pos="V">allánit</l>
vuollánit:adelâttâđ	vuollánit	 <l pos="V">vuollánit</l>
vuollánit:vuálániđ	vuollánit	 <l pos="V">vuollánit</l>
vuollánit:vuálániđ	vuollánit	 <l pos="V">vuollánit</l>
geahppánit:kiäppániđ	geahppánit	 <l pos="V">geahppánit</l>
vánit:vääniht	vánit	 <l pos="Adv">vánit</l>
hahppit:skiälguđ	hahppit	 <l pos="V">hahppit</l>
láhppit:hevâttiđ	láhppit	 <l pos="V">láhppit</l>
sihkkarit:vissásávt	sihkkarit	 <l pos="Adv">sihkkarit</l>
báhtarit:patâriđ	báhtarit	 <l pos="V">báhtarit</l>
várit:várádâh	várit	
lihkkasit:hirmástuđ	lihkkasit	
notkasit:toppâsiđ	notkasit	 <l pos="V">notkasit</l>
rahpasit:lekkâsiđ	rahpasit	 <l pos="V">rahpasit</l>
rahtasit:kiškuđ	rahtasit	 <l pos="V">rahtasit</l>
ođđasit:uđđâsist	ođđasit	 <l pos="Adv">ođđasit</l>
máksit:mäksiđ	máksit	 <l pos="V">máksit</l>
jitnosit:jiänusân	jitnosit	 <l pos="Adv">jitnosit</l>
geassit:keessiv	geassit	 <l pos="Adv">geassit</l>
geassit:viešidiđ	geassit	 <l pos="Adv">geassit</l>
mielaid_geassit:kiäsuttiđ	mielaid_geassit	
njammásit:njommâsiđ	njammásit	 <l pos="V">njammásit</l>
boahtit:juottâđ	boahtit	 <l pos="V">boahtit</l>
boahtit:juottâđ	boahtit	 <l pos="V">boahtit</l>
boahtit:pyevtittiđ	boahtit	 <l pos="V">boahtit</l>
johtit:mađhâšiđ	johtit	 <l pos="V">johtit</l>
giitit:kijtteđ	giitit	 <l pos="V">giitit</l>
vuoitit:vyeittiđ	vuoitit	 <l pos="V">vuoitit</l>
náitit:näittiđ	náitit	 <l pos="V">náitit</l>
binddastit:njibžâstiđ	binddastit	 <l pos="V">binddastit</l>
dovddastit:tubdâstiđ	dovddastit	 <l pos="V">dovddastit</l>
eamidastit:emedâššâđ	eamidastit	 <l pos="V">eamidastit</l>
isidastit:išedâššâđ	isidastit	
gastit:kašneđ	gastit	 <l pos="V">gastit</l>
alihastit:čuávjáđ	alihastit	 <l pos="x">alihastit</l>
duhastit:tuohâstiđ	duhastit	 <l pos="V">duhastit</l>
uhcáhastit:luccááttiđ	uhcáhastit	 <l pos="V">uhcáhastit</l>
borjjastit:purjâstiđ	borjjastit	 <l pos="V">borjjastit</l>
steampalastit:stemppâlistiđ	steampalastit	 <l pos="V">steampalastit</l>
bievvalastit:miästáđ	bievvalastit	 <l pos="V">bievvalastit</l>
ádelastit:aatelistiđ	ádelastit	 <l pos="V">ádelastit</l>
njielastit:njielâstiđ	njielastit	 <l pos="V">njielastit</l>
illastit:illáástiđ	illastit	 <l pos="V">illastit</l>
čomastit:čomestiđ	čomastit	 <l pos="V">čomastit</l>
suoivvanastit:suoivânistiđ	suoivvanastit	
fearánastit:feeriđ	fearánastit	
oastit:uástiđ	oastit	 <l pos="V">oastit</l>
snahpastit:nuhâstiđ	snahpastit	 <l pos="V">snahpastit</l>
rahpastit:kiškettiđ	rahpastit	 <l pos="V">rahpastit</l>
sihkkarastit:visásmittiđ	sihkkarastit	 <l pos="V">sihkkarastit</l>
nummarastit:numeristiđ	nummarastit	 <l pos="V">nummarastit</l>
deattastit:vuálávijviđ	deattastit	 <l pos="V">deattastit</l>
veavttastit:merettuđ	veavttastit	 <l pos="V">veavttastit</l>
bivttastit:pivtâstiđ	bivttastit	 <l pos="V">bivttastit</l>
suovastit:suovâstiđ	suovastit	 <l pos="V">suovastit</l>
suovastit:šiälmuđ	suovastit	 <l pos="V">suovastit</l>
dorvvastit:turvâstiđ	dorvvastit	 <l pos="V">dorvvastit</l>
dorvvastit:turvâstiđ	dorvvastit	 <l pos="V">dorvvastit</l>
smirezastit:smierettiđ	smirezastit	 <l pos="V">smirezastit</l>
čievččastit:čievčâstiđ	čievččastit	 <l pos="V">čievččastit</l>
biestit:nistettiđ	biestit	 <l pos="V">biestit</l>
áŧestit:atâštiđ	áŧestit	 <l pos="V">áŧestit</l>
ráhkistit:rähistiđ	ráhkistit	 <l pos="V">ráhkistit</l>
billistit:pillediđ	billistit	 <l pos="V">billistit</l>
njamistit:njamestiđ	njamistit	 <l pos="V">njamistit</l>
dearistit:terestiđ	dearistit	 <l pos="V">dearistit</l>
hoavrristit:semmuđ	hoavrristit	 <l pos="V">hoavrristit</l>
soalssistit:suálssidiđ	soalssistit	 <l pos="V">soalssistit</l>
divttistit:tovkkâđ	divttistit	 <l pos="V">divttistit</l>
liikostit:mielâstuđ	liikostit	 <l pos="V">liikostit</l>
njoalostit:njuálustiđ	njoalostit	 <l pos="V">njoalostit</l>
einnostit:ennustiđ	einnostit	 <l pos="V">einnostit</l>
mielddustit:kopijistiđ	mielddustit	
suvrrustit:suvrâstiđ	suvrrustit	 <l pos="V">suvrrustit</l>
fuorástit:huárástiđ	fuorástit	 <l pos="V">fuorástit</l>
movttiidahttit:movtijdittiđ	movttiidahttit	
árvidahttit:iärvádittiđ	árvidahttit	 <l pos="V">árvidahttit</l>
gudnejahttit:kunnijâttiđ	gudnejahttit	 <l pos="V">gudnejahttit</l>
beavttálmahttit:pehtilittiđ	beavttálmahttit	 <l pos="V">beavttálmahttit</l>
jođálmahttit:huáputtiđ	jođálmahttit	 <l pos="V">jođálmahttit</l>
jođálmahttit:jođálmittiđ	jođálmahttit	 <l pos="V">jođálmahttit</l>
arvvosmahttit:movtijdittiđ	arvvosmahttit	 <l pos="V">arvvosmahttit</l>
stáđásmahttit:vuáháduttiđ	stáđásmahttit	
sahkanahttit:šovâttiđ	sahkanahttit	
ovdánahttit:ovdediđ	ovdánahttit	 <l pos="V">ovdánahttit</l>
birastahttit:kárduđ	birastahttit	 <l pos="V">birastahttit</l>
birastahttit:pirâstittiđ	birastahttit	 <l pos="V">birastahttit</l>
buohtastahttit:viärdádâllâđ	buohtastahttit	 <l pos="V">buohtastahttit</l>
ovttastahttit:ovtâstittiđ	ovttastahttit	 <l pos="V">ovttastahttit</l>
almmustahttit:almostittiđ	almmustahttit	 <l pos="V">almmustahttit</l>
almmustahttit:čulliđ	almmustahttit	 <l pos="V">almmustahttit</l>
nihttit:áštáluhčâđ	nihttit	 <l pos="V">nihttit</l>
luohttit:lyettiđ	luohttit	 <l pos="V">luohttit</l>
ráfáiduhttit:rávhuiduttiđ	ráfáiduhttit	 <l pos="V">ráfáiduhttit</l>
gaskkalduhttit:koskâlduttiđ	gaskkalduhttit	 <l pos="V">gaskkalduhttit</l>
imaštuhttit:hirmástuttiđ	imaštuhttit	
moraštit:murâštiđ	moraštit	 <l pos="V">moraštit</l>
ávaštit:avâštiđ	ávaštit	 <l pos="V">ávaštit</l>
duođaštit:tuođâštiđ	duođaštit	 <l pos="V">duođaštit</l>
gáđaštit:kađâštiđ	gáđaštit	 <l pos="V">gáđaštit</l>
ovddeštit:ovdištiđ	ovddeštit	 <l pos="V">ovddeštit</l>
bealuštit:piäluštiđ	bealuštit	 <l pos="V">bealuštit</l>
ráŋggáštit:ráŋgášiđ	ráŋggáštit	 <l pos="V">ráŋggáštit</l>
gilvit:kalveđ	gilvit	 <l pos="V">gilvit</l>
gilvit:viljâliđ	gilvit	 <l pos="V">gilvit</l>
seavvit:seevviđ	seavvit	 <l pos="V">seavvit</l>
bohčit:paččeeđ	bohčit	 <l pos="V">bohčit</l>
láhčit:lääččiđ	láhčit	 <l pos="V">láhčit</l>
vuođgŋit:perttuđ	vuođgŋit	 <l pos="V">vuođgŋit</l>
vuođgŋit:perttuđ	vuođgŋit	 <l pos="V">vuođgŋit</l>
čuolddašit:čovdâččiđ	čuolddašit	
girddašit:kirdâččiđ	girddašit	 <l pos="V">girddašit</l>
vuorddašit:vuordâččiđ	vuorddašit	 <l pos="V">vuorddašit</l>
návddašit:navdâšiđ	návddašit	 <l pos="V">návddašit</l>
beagašit:pevâččiđ	beagašit	 <l pos="V">beagašit</l>
savnnjašit:pozáttâllâđ	savnnjašit	 <l pos="V">savnnjašit</l>
vuojašit:raiđuustâllâđ	vuojašit	 <l pos="V">vuojašit</l>
gálašit:kalâččiđ	gálašit	 <l pos="V">gálašit</l>
anašit:naaijâđ	anašit	 <l pos="V">anašit</l>
máinnašit:mainâšiđ	máinnašit	 <l pos="V">máinnašit</l>
rihpašit:ripâttiđ	rihpašit	 <l pos="V">rihpašit</l>
sáhtašit:satâččiđ	sáhtašit	 <l pos="V">sáhtašit</l>
vávašit:komášiđ	vávašit	 <l pos="V">vávašit</l>
hervvošit:lijkkuustâllâđ	hervvošit	
hálbbášit:hálbášiđ	hálbbášit	 <l pos="V">hálbbášit</l>
fasttášit:huánášiđ	fasttášit	 <l pos="x">fasttášit</l>
sordot:vuálániđ	sordot	 <l pos="V">sordot</l>
duddjot:tussiđ	duddjot	 <l pos="V">duddjot</l>
dulkot:tulkkuđ	dulkot	 <l pos="V">dulkot</l>
gávdnot:kavnuđ	gávdnot	 <l pos="V">gávdnot</l>
snahppot:nukkâđ	snahppot	 <l pos="V">snahppot</l>
ihttot:itteeđ	ihttot	 <l pos="V">ihttot</l>
dihttot:ihteđ	dihttot	 <l pos="V">dihttot</l>
heittot:kiähnu	heittot	 <l pos="A">heittot</l>
buot:puoh	buot	 <l pos="Adv">buot</l>
oktiibuot:ohtsis	oktiibuot	 <l pos="Adv">oktiibuot</l>
duot:tuot	duot	 <l pos="Pron" type="dem">duot</l>
arvvot:virkkuu	arvvot	
njohcut:kortâstiđ	njohcut	 <l pos="V">njohcut</l>
lákcut:lahcâluđ	lákcut	 <l pos="V">lákcut</l>
bindut:njaldeđ	bindut	 <l pos="V">bindut</l>
šlundut:šlundođ	šlundut	 <l pos="V">šlundut</l>
stirdut:stergâgiđ	stirdut	
oaggut:uágguđ	oaggut	 <l pos="V">oaggut</l>
šiggut:pelkkiliđ	šiggut	 <l pos="V">šiggut</l>
duoggut:tuágguđ	duoggut	 <l pos="V">duoggut</l>
laigut:puágguđ	laigut	 <l pos="V">laigut</l>
áigut:ucâluđ	áigut	 <l pos="V">áigut</l>
vealgut:viälguđ	vealgut	 <l pos="V">vealgut</l>
mulgut:mulgođ	mulgut	 <l pos="V">mulgut</l>
sárgut:sárguđ	sárgut	 <l pos="V">sárgut</l>
lávgut:lávguđ	lávgut	 <l pos="V">lávgut</l>
háŋgut:háŋguđ	háŋgut	 <l pos="V">háŋgut</l>
vuodjut:vuáijuđ	vuodjut	
dádjut:takkiđ	dádjut	 <l pos="V">dádjut</l>
čohkut:čohhoođ	čohkut	
muhkut:huunnjâđ	muhkut	 <l pos="V">muhkut</l>
goaikut:kuáškuđ	goaikut	
čoaskut:jáldudiđ	čoaskut	 <l pos="V">čoaskut</l>
čoaskut:čuáskuđ	čoaskut	 <l pos="V">čoaskut</l>
nuoskut:nyeskiduđ	nuoskut	 <l pos="x">nuoskut</l>
divskut:šiggođ	divskut	 <l pos="V">divskut</l>
boatkut:puátkuđ	boatkut	 <l pos="V">boatkut</l>
skeaŋkut:skiäŋkudâttâđ	skeaŋkut	 <l pos="V">skeaŋkut</l>
deaškut:tiäškuđ	deaškut	 <l pos="V">deaškut</l>
doaškut:tuáškuđ	doaškut	 <l pos="V">doaškut</l>
biškut:piškođ	biškut	 <l pos="V">biškut</l>
biškut:piškođ	biškut	 <l pos="V">biškut</l>
seailut:siäiluđ	seailut	 <l pos="V">seailut</l>
cibmut:cimostiđ	cibmut	 <l pos="V">cibmut</l>
vuordnut:vuárnuđ	vuordnut	 <l pos="V">vuordnut</l>
sávdnut:sávnuđ	sávdnut	 <l pos="V">sávdnut</l>
bivnnut:piivnoh	bivnnut	 <l pos="A">bivnnut</l>
cimput:canccođ	cimput	 <l pos="V">cimput</l>
guohpput:kuáppuđ	guohpput	 <l pos="V">guohpput</l>
orrut:aassâđ	orrut	 <l pos="V">orrut</l>
orrut:vaikuttiđ	orrut	 <l pos="V">orrut</l>
stuorrut:stuárruđ	stuorrut	 <l pos="V">stuorrut</l>
ruovrut:havrijdiđ	ruovrut	 <l pos="V">ruovrut</l>
dánsut:tánssáđ	dánsut	 <l pos="V">dánsut</l>
nissut:nissoođ	nissut	 <l pos="V">nissut</l>
jussut:puáskuđ	jussut	 <l pos="V">jussut</l>
russut:russoođ	russut	 <l pos="V">russut</l>
ássut:haasiđ	ássut	 <l pos="V">ássut</l>
miehtut:kukkod(kulij)	miehtut	 <l pos="Adv">miehtut</l>
fastut:fastođ	fastut	 <l pos="V">fastut</l>
boastut:puástud	boastut	 <l pos="Adv">boastut</l>
duostut:tuástuđ	duostut	 <l pos="V">duostut</l>
ruostut:ruástuđ	ruostut	 <l pos="V">ruostut</l>
láivut:láivuđ	láivut	 <l pos="V">láivut</l>
gálvvut:kálvudâh	gálvvut	
njuozzut:kavliđ	njuozzut	 <l pos="V">njuozzut</l>
hárčut:hárruđ	hárčut	 <l pos="Adv">hárčut</l>
buođđut:puáđđuđ	buođđut	 <l pos="V">buođđut</l>
buođđut:tovkkâđ	buođđut	 <l pos="V">buođđut</l>
dikšut:nälistittiđ	dikšut	 <l pos="V">dikšut</l>
njuoršut:njipčâđ	njuoršut	 <l pos="x">njuoršut</l>
áššut:illâluđ	áššut	 <l pos="V">áššut</l>
čuožžut:meriduđ	čuožžut	 <l pos="V">čuožžut</l>
ovccát:oovcád	ovccát	 <l pos="A">ovccát</l>
gávccát:káávcád	gávccát	 <l pos="A">gávccát</l>
gildát:kukkiđ	gildát	 <l pos="V">gildát</l>
ceaggát:parfađ	ceaggát	 <l pos="V">ceaggát</l>
dávggát:távgááh	dávggát	
njálgát:njálgásávt	njálgát	 <l pos="Adv">njálgát</l>
logát:lovváád	logát	 <l pos="A">logát</l>
buođgát:pilleeđ	buođgát	 <l pos="V">buođgát</l>
sahát:sáhháđ	sahát	 <l pos="V">sahát</l>
duhát:tuhháát	duhát	 <l pos="Num">duhát</l>
njealját:niäljád	njealját	 <l pos="A">njealját</l>
fuobmát:tiäđuštiđ	fuobmát	 <l pos="V">fuobmát</l>
ruodnát:ruonijdiđ	ruodnát	
vuohppát:vuáppáđ	vuohppát	 <l pos="V">vuohppát</l>
čurtát:čurttođ	čurtát	 <l pos="V">čurtát</l>
čuođát:čuáđáád	čuođát	 <l pos="A">čuođát</l>
náđđát:loommâđ	náđđát	 <l pos="V">náđđát</l>
vállju:válju	vállju	 <l pos="x">vállju</l>
ihkku:iho	ihkku	 <l pos="Adv">ihkku</l>
pikkulaukku:ruttârääsi	pikkulaukku	
stielku:tiälgu	stielku	
dábálaš_hilsku:šiljoiilâsk	dábálaš_hilsku	
dálonguovlu:táálunkuávlu	dálonguovlu	
eatnangeaidnu:maađij	eatnangeaidnu	
jiekŋaskearru:jieŋâskiärru	jiekŋaskearru	
losu:loso	losu	 <l pos="Po">losu</l>
mutu:vollâsâš	mutu	
gaskaárvu:koskâárvu	gaskaárvu	
eananvuođđu:eennâm	eananvuođđu	
goabbá:kuábbáš	goabbá	 <l pos="Pron" type="Rel">goabbá</l>
já:jáá	já	 <l pos="Interj">já</l>
váŋká:väŋkki	váŋká	 <l pos="A">váŋká</l>
otná:onnáš	otná	 <l pos="A">otná</l>
eará:eres	eará	 <l pos="Pron" type="Indef">eará</l>
eará:eres	eará	 <l pos="Pron" type="Indef">eará</l>
girkohearrá:kirkkohiärrá	girkohearrá	
rastá:rasta	rastá	 <l pos="Adv">rastá</l>
ovddimustá:tolemužžân	ovddimustá	 <l pos="Adv">ovddimustá</l>
meattá:lappâd	meattá	 <l pos="Adv">meattá</l>
vealttakeahttá:veltihánnáá	vealttakeahttá	 <l pos="Adv">vealttakeahttá</l>
ánssáškeahttá:áánsášmettum	ánssáškeahttá	 <l pos="A">ánssáškeahttá</l>
ihttá:ittáš	ihttá	 <l pos="A">ihttá</l>
nuvttá:nuuvtá	nuvttá	 <l pos="Adv">nuvttá</l>
nuvttá:nuuvtá	nuvttá	 <l pos="Adv">nuvttá</l>
ristissä:ruossâlâs	ristissä	
löyhkäävä:haijii	löyhkäävä	
hedelmöityä:šohânuđ	hedelmöityä	
sykertyä:šnárkkuđ	sykertyä	
jännittyä:jiärástuđ	jännittyä	
iđidaš:iiđeedlâš	iđidaš	 <l pos="A">iđidaš</l>
vuollegaš:vyeligâš	vuollegaš	 <l pos="A">vuollegaš</l>
dáiddalaš:taiđâlâš	dáiddalaš	 <l pos="A">dáiddalaš</l>
jurddalaš:juurdâlâš	jurddalaš	 <l pos="A">jurddalaš</l>
islándalaš:islandlâš	islándalaš	
gráfalaš:graafâlâš	gráfalaš	
buotveagalaš:puohváldálâš	buotveagalaš	 <l pos="A">buotveagalaš</l>
vuoiggalaš:vuoigâlâš	vuoiggalaš	 <l pos="A">vuoiggalaš</l>
álggalaš:algâlâš	álggalaš	 <l pos="A">álggalaš</l>
geologalaš:geologâlâš	geologalaš	 <l pos="A">geologalaš</l>
biologalaš:luándutieđâlâš	biologalaš	 <l pos="A">biologalaš</l>
ekologalaš:ekologâlâš	ekologalaš	 <l pos="A">ekologalaš</l>
fágalaš:áámmátlâš	fágalaš	 <l pos="A">fágalaš</l>
kemiijalaš:kemialâš	kemiijalaš	 <l pos="A">kemiijalaš</l>
allegoriijalaš:viärdádâskoválâš	allegoriijalaš	
vieljalaš:viljâlâš	vieljalaš	 <l pos="A">vieljalaš</l>
espánjalaš:espanjalâš	espánjalaš	
teknihkalaš:teknisâš	teknihkalaš	 <l pos="A">teknihkalaš</l>
lyrihkalaš:tivtâlâš	lyrihkalaš	
grammatihkalaš:kielâopâlâš	grammatihkalaš	 <l pos="A">grammatihkalaš</l>
statihkalaš:staattâlâš	statihkalaš	
politihkalaš:pooliitlâš	politihkalaš	 <l pos="A">politihkalaš</l>
praktihkalaš:anolâs	praktihkalaš	 <l pos="A">praktihkalaš</l>
optihkalaš:optisâš	optihkalaš	
akustihkalaš:aakuustlâš	akustihkalaš	 <l pos="A">akustihkalaš</l>
heakkalaš:jiegâlâš	heakkalaš	 <l pos="A">heakkalaš</l>
dihtomielalaš:tiäđulâš	dihtomielalaš	 <l pos="A">dihtomielalaš</l>
katolalaš:katolilâš	katolalaš	 <l pos="A">katolalaš</l>
formálalaš:hámálâš	formálalaš	 <l pos="A">formálalaš</l>
čálalaš:kirjálâš	čálalaš	 <l pos="A">čálalaš</l>
akademalaš:akateemisâš	akademalaš	 <l pos="A">akademalaš</l>
islámalaš:islamlâš	islámalaš	
iešheanalaš:jiečânâs	iešheanalaš	 <l pos="A">iešheanalaš</l>
persovnnalaš:persovnlâš	persovnnalaš	 <l pos="A">persovnnalaš</l>
našuvnnalaš:aalmuglâš	našuvnnalaš	 <l pos="A">našuvnnalaš</l>
orgánalaš:orgaanlâš	orgánalaš	
germánalaš:germaanlâš	germánalaš	 <l pos="A">germánalaš</l>
loahpalaš:lopâlâš	loahpalaš	 <l pos="A">loahpalaš</l>
eurohpalaš:eurooplâš	eurohpalaš	 <l pos="A">eurohpalaš</l>
oppalaš:almos	oppalaš	 <l pos="A">oppalaš</l>
searalaš:ovdánâm	searalaš	
geometralaš:geometrisâš	geometralaš	
váralaš:varâlâš	váralaš	 <l pos="A">váralaš</l>
magnehtalaš:magneetlâš	magnehtalaš	
systemáhtalaš:oorniglâš	systemáhtalaš	 <l pos="A">systemáhtalaš</l>
systemáhtalaš:systemaatlâš	systemáhtalaš	 <l pos="A">systemáhtalaš</l>
demokráhtalaš:demokraatlâš	demokráhtalaš	 <l pos="A">demokráhtalaš</l>
árktalaš:arktâsâš	árktalaš	 <l pos="A">árktalaš</l>
ideanttalaš:identlâš	ideanttalaš	 <l pos="A">ideanttalaš</l>
risttalaš:ristâlâš	risttalaš	 <l pos="A">risttalaš</l>
kristtalaš:oskoldâhlâš	kristtalaš	 <l pos="A">kristtalaš</l>
dieđalaš:tieđâlâš	dieđalaš	 <l pos="A">dieđalaš</l>
vuoigatvuođadieđalaš:vuoigâdvuođâtieđâlâš	vuoigatvuođadieđalaš	
ruđalaš:ruđâlâš	ruđalaš	 <l pos="A">ruđalaš</l>
vuoiŋŋalaš:vuoiŋâlâš	vuoiŋŋalaš	 <l pos="A">vuoiŋŋalaš</l>
gillilaš:sijdâolmooš	gillilaš	
eatnanlaš:eennâmlâš	eatnanlaš	 <l pos="A">eatnanlaš</l>
báhkinlaš:päähinlâš	báhkinlaš	
gelddolaš:jiäráskittee	gelddolaš	 <l pos="A">gelddolaš</l>
lunddolaš:luándulâš	lunddolaš	 <l pos="A">lunddolaš</l>
dovddolaš:tobdolâš	dovddolaš	 <l pos="A">dovddolaš</l>
vejolaš:máhđulâš	vejolaš	 <l pos="A">vejolaš</l>
čujolaš:čyeijil	čujolaš	 <l pos="A">čujolaš</l>
guhkolaš:kuheldâlâšjuurbâs	guhkolaš	
mirkkolaš:mirhâlâš	mirkkolaš	 <l pos="A">mirkkolaš</l>
bákkolaš:págulâš	bákkolaš	 <l pos="A">bákkolaš</l>
eahpegulolaš:tottâlmettum	eahpegulolaš	 <l pos="A">eahpegulolaš</l>
fámolaš:váldálâš	fámolaš	 <l pos="A">fámolaš</l>
anolaš:anolâš	anolaš	
birolaš:pirulâš	birolaš	 <l pos="A">birolaš</l>
árbevirolaš:ärbivuáválâš	árbevirolaš	 <l pos="A">árbevirolaš</l>
áššáiosolaš:äššiuásálâš	áššáiosolaš	
eaktodáhtolaš:iävtutátulâš	eaktodáhtolaš	 <l pos="A">eaktodáhtolaš</l>
dássedettolaš:täsitiädulâš	dássedettolaš	 <l pos="A">dássedettolaš</l>
evttolaš:iävtulâš	evttolaš	 <l pos="A">evttolaš</l>
govttolaš:kuáhtulâš	govttolaš	 <l pos="A">govttolaš</l>
govttolaš:mávsulâš	govttolaš	 <l pos="A">govttolaš</l>
áigáiheivvolaš:äigihiäivulâš	áigáiheivvolaš	
keaisárlaš:kiäisárlâš	keaisárlaš	 <l pos="A">keaisárlaš</l>
gonagaslaš:kunâgâslâš	gonagaslaš	 <l pos="A">gonagaslaš</l>
ávnnaslaš:aamnâslâš	ávnnaslaš	 <l pos="A">ávnnaslaš</l>
ollislaš:tie()vâslâš	ollislaš	 <l pos="A">ollislaš</l>
heahpatlaš:heeppâdlâš	heahpatlaš	 <l pos="A">heahpatlaš</l>
ustitlaš:ustevlâš	ustitlaš	 <l pos="A">ustitlaš</l>
vahátlaš:vaahâglâš	vahátlaš	 <l pos="A">vahátlaš</l>
lobálaš:loválâš	lobálaš	 <l pos="A">lobálaš</l>
eahpedábálaš:epitáválâš	eahpedábálaš	 <l pos="A">eahpedábálaš</l>
eahpedábálaš:epitáválâš	eahpedábálaš	 <l pos="A">eahpedábálaš</l>
jábálaš:jáválâš	jábálaš	 <l pos="A">jábálaš</l>
veahkaválddálaš:viehâváldálâš	veahkaválddálaš	 <l pos="A">veahkaválddálaš</l>
agálaš:avalâš	agálaš	 <l pos="A">agálaš</l>
allaáiggálaš:juhlálâš	allaáiggálaš	 <l pos="A">allaáiggálaš</l>
virggálaš:virgálâš	virggálaš	 <l pos="A">virggálaš</l>
eahpevirggálaš:epivirgálâš	eahpevirggálaš	 <l pos="A">eahpevirggálaš</l>
historjjálaš:historjálâš	historjjálaš	 <l pos="A">historjjálaš</l>
veahkálaš:iššáá	veahkálaš	 <l pos="A">veahkálaš</l>
amerihkálaš:ameriklâš	amerihkálaš	 <l pos="A">amerihkálaš</l>
luonddudilálaš:luánduviđá	luonddudilálaš	 <l pos="A">luonddudilálaš</l>
almmálaš:almalâš	almmálaš	 <l pos="A">almmálaš</l>
ovttaivnnálaš:oovtâivnásâš	ovttaivnnálaš	
gávppálaš:kávpálâš	gávppálaš	 <l pos="A">gávppálaš</l>
badjelmearálaš:čovvâttâs	badjelmearálaš	
eanangottálaš:eennâmkoddálâš	eanangottálaš	
beaivválaš:jyehipiäiválâš	beaivválaš	 <l pos="A">beaivválaš</l>
beaivválaš:piäiválâš	beaivválaš	 <l pos="A">beaivválaš</l>
áhčálaš:iäčálâš	áhčálaš	 <l pos="A">áhčálaš</l>
oaččálaš:uážálâš	oaččálaš	 <l pos="A">oaččálaš</l>
rumašlaš:ruumâšlâš	rumašlaš	 <l pos="A">rumašlaš</l>
imaš:iimâš	imaš	 <l pos="A">imaš</l>
hárvenaš:härvinâš	hárvenaš	 <l pos="A">hárvenaš</l>
gaskaboddasaš:koskâpuddâsâš	gaskaboddasaš	 <l pos="A">gaskaboddasaš</l>
-gaskasaš:koskâsâš	-gaskasaš	
riikkaidgaskasaš:almugijkoskâsâš	riikkaidgaskasaš	 <l pos="A">riikkaidgaskasaš</l>
miellasaš:čoođâčoolmâg	miellasaš	 <l pos="A">miellasaš</l>
sullasaš:siämmáálágán	sullasaš	 <l pos="A">sullasaš</l>
seammasullasaš:siämmáásullâsâš	seammasullasaš	
gaskaboddosaš:koskâpuddâsâš	gaskaboddosaš	 <l pos="A">gaskaboddosaš</l>
riikkaviidosaš:väldikodálâš	riikkaviidosaš	 <l pos="A">riikkaviidosaš</l>
máilmmiviidosaš:maailmvijđosâš	máilmmiviidosaš	
vahkkosaš:okkosâš	vahkkosaš	 <l pos="A">vahkkosaš</l>
seammasturrosaš:siämmáástuárusâš	seammasturrosaš	
-mahtosaš:matsâš	-mahtosaš	
ovttaárvosaš:siämmáá-árvusâš	ovttaárvosaš	 <l pos="A">ovttaárvosaš</l>
-áigásaš:aarrâd	-áigásaš	
boaresáigásaš:puárisáigásâš	boaresáigásaš	 <l pos="A">boaresáigásaš</l>
jahkásaš:jyehi-ivvááš	jahkásaš	 <l pos="A">jahkásaš</l>
jahkásaš:oovtâihásâš	jahkásaš	 <l pos="A">jahkásaš</l>
jahkásaš:valjeihe	jahkásaš	 <l pos="A">jahkásaš</l>
máŋggajahkásaš:maaŋgâihásâš	máŋggajahkásaš	 <l pos="A">máŋggajahkásaš</l>
vuollásaš:vuálááš	vuollásaš	 <l pos="A">vuollásaš</l>
friijahápmásaš:rijjâhámásâš	friijahápmásaš	 <l pos="A">friijahápmásaš</l>
-ivdnásaš:ivnásâš	-ivdnásaš	
dássásaš:oovtâitosâš	dássásaš	 <l pos="A">dássásaš</l>
vuosttaš:tehálumos	vuosttaš	 <l pos="A">vuosttaš</l>
gierdavaš:kierdâvâš	gierdavaš	 <l pos="A">gierdavaš</l>
sorjavaš:kieđâkeččee	sorjavaš	 <l pos="A">sorjavaš</l>
gáhtavaš:katâvâš	gáhtavaš	
miellagiddevaš:mielâkiddiivâš	miellagiddevaš	 <l pos="A">miellagiddevaš</l>
vuordevaš:tuoivâlâš	vuordevaš	 <l pos="A">vuordevaš</l>
ádelii_gullevaš:aatellâš	ádelii_gullevaš	
dearvvaš:tiervâslâš	dearvvaš	 <l pos="A">dearvvaš</l>
dološ:toovláš	dološ	 <l pos="A">dološ</l>
čázevuloš:čääsivuálááš	čázevuloš	
eatnanvuloš:eennâmvuálááš	eatnanvuloš	
áitatvuloš:uhkevuálásâš	áitatvuloš	
gávpotolmmoš:kaavpuglâš	gávpotolmmoš	
lagamuš:aldemuš	lagamuš	 <l pos="A">lagamuš</l>
siskkimuš:siskelâš	siskkimuš	
oaidnámuš:keejâdmâš	oaidnámuš	
atnámuš:anamâš	atnámuš	
guovddáš:kuávdáš	guovddáš	 <l pos="A">guovddáš</l>
guovddáš:kuávdáš	guovddáš	 <l pos="A">guovddáš</l>
dáláš:táálááš	dáláš	 <l pos="A">dáláš</l>
earenoamáš:áinoošlajâsâš	earenoamáš	 <l pos="A">earenoamáš</l>
erenoamáš:epitáválâš	erenoamáš	 <l pos="A">erenoamáš</l>
erenomáš:eromâš	erenomáš	 <l pos="A">erenomáš</l>
dássáš:táássáš	dássáš	 <l pos="A">dássáš</l>
